experiment	model	iptm+ptm	gdock	n_protein	cytokine	wet_hit
SARS-CoV-2-B.1.351-N_CCL3L1	model_4_multimer_v3_pred_4	0.743981356	0.560899749	SARS-CoV-2-B.1.351-N	CCL3L1	FALSE
SARS-CoV-2-B.1.351-N_CCL3L1	model_4_multimer_v3_pred_3	0.74140923	0.627111104	SARS-CoV-2-B.1.351-N	CCL3L1	FALSE
SARS-CoV-2-B.1.351-N_CCL3L1	model_4_multimer_v3_pred_2	0.738449783	0.548711188	SARS-CoV-2-B.1.351-N	CCL3L1	FALSE
SARS-CoV-2-B.1.351-N_CCL3L1	model_4_multimer_v3_pred_0	0.737618057	0.927849005	SARS-CoV-2-B.1.351-N	CCL3L1	FALSE
SARS-CoV-2-B.1.1.7-N_IFNA2	model_4_multimer_v3_pred_3	0.736368531	0.989623112	SARS-CoV-2-B.1.1.7-N	IFNA2	FALSE
RaTG13-N_IL-1beta	model_4_multimer_v3_pred_3	0.734421488	0.83203161	RaTG13-N	IL-1beta	FALSE
MERS-CoV-N_CXCL6	model_4_multimer_v3_pred_1	0.733434805	0.952134377	MERS-CoV-N	CXCL6	FALSE
SARS-CoV-2-B.1.1.529-N_CCL3L1	model_4_multimer_v3_pred_0	0.732954294	0.639413167	SARS-CoV-2-B.1.1.529-N	CCL3L1	FALSE
SARS-CoV-2-P.1-N_CCL3L1	model_4_multimer_v3_pred_2	0.732572664	0.659810979	SARS-CoV-2-P.1-N	CCL3L1	FALSE
SARS-CoV-2-B.1.1.7-N_CCL3L1	model_4_multimer_v3_pred_2	0.731422565	0.820020209	SARS-CoV-2-B.1.1.7-N	CCL3L1	FALSE
SARS-CoV-2-B.1.351-N_CCL3L1	model_4_multimer_v3_pred_1	0.73079619	0.604683648	SARS-CoV-2-B.1.351-N	CCL3L1	FALSE
SARS-CoV-2-B.1.617.2-DeltaA-N_CCL3L1	model_4_multimer_v3_pred_0	0.730738948	0.571871444	SARS-CoV-2-B.1.617.2-DeltaA-N	CCL3L1	FALSE
SARS-CoV-2-BA.2-N_CCL3L1	model_4_multimer_v3_pred_1	0.730662933	0.718712071	SARS-CoV-2-BA.2-N	CCL3L1	FALSE
SARS-CoV-2-XBB-N_CCL3L1	model_4_multimer_v3_pred_1	0.730606072	0.774912387	SARS-CoV-2-XBB-N	CCL3L1	FALSE
SARS-CoV-2-B.1.1.529-N_CCL3L1	model_4_multimer_v3_pred_2	0.73033199	0.606670882	SARS-CoV-2-B.1.1.529-N	CCL3L1	FALSE
SARS-CoV-2-XBB-N_CCL3L1	model_4_multimer_v3_pred_4	0.729529573	0.861402373	SARS-CoV-2-XBB-N	CCL3L1	FALSE
SARS-CoV-2-B.1.1.7-N_IFNA2	model_4_multimer_v3_pred_0	0.728016116	0.977391596	SARS-CoV-2-B.1.1.7-N	IFNA2	FALSE
SARS-CoV-2-B.1.1.529-N_CCL3L1	model_4_multimer_v3_pred_4	0.727910728	0.671625223	SARS-CoV-2-B.1.1.529-N	CCL3L1	FALSE
SARS-CoV-2-B.1.351-N_CCL3	model_4_multimer_v3_pred_2	0.726589973	0.697663671	SARS-CoV-2-B.1.351-N	CCL3	FALSE
SARS-CoV-2-B.1.351-N_CCL3	model_4_multimer_v3_pred_1	0.725064402	0.475010048	SARS-CoV-2-B.1.351-N	CCL3	FALSE
SARS-CoV-2-BA.2-N_CCL3L1	model_4_multimer_v3_pred_0	0.724564311	0.934035732	SARS-CoV-2-BA.2-N	CCL3L1	FALSE
SARS-CoV-2-B.1.1.7-N_CCL3L1	model_4_multimer_v3_pred_1	0.724317636	0.720536626	SARS-CoV-2-B.1.1.7-N	CCL3L1	FALSE
SARS-CoV-2-BA.1.1-N_CCL3L1	model_4_multimer_v3_pred_1	0.724009636	0.681043426	SARS-CoV-2-BA.1.1-N	CCL3L1	FALSE
BANAL-20-52-N_CCL3L1	model_4_multimer_v3_pred_3	0.723539236	0.813948669	BANAL-20-52-N	CCL3L1	FALSE
SARS-CoV-2-B.1.617.2-DeltaA-N_CCL3L1	model_4_multimer_v3_pred_3	0.722024089	0.816288569	SARS-CoV-2-B.1.617.2-DeltaA-N	CCL3L1	FALSE
SARS-CoV-2-B.1.1-N_CCL3L1	model_4_multimer_v3_pred_0	0.721970073	0.789895788	SARS-CoV-2-B.1.1-N	CCL3L1	FALSE
MERS-CoV-N_CXCL6	model_4_multimer_v3_pred_3	0.721726579	0.938058924	MERS-CoV-N	CXCL6	FALSE
RaTG13-N_CCL3L1	model_4_multimer_v3_pred_2	0.721042362	0.768224251	RaTG13-N	CCL3L1	FALSE
SARS-CoV-2-BQ.1-N_CCL3L1	model_4_multimer_v3_pred_0	0.720511501	0.838021294	SARS-CoV-2-BQ.1-N	CCL3L1	FALSE
RaTG13-N_CCL3L1	model_4_multimer_v3_pred_3	0.720103459	0.86927798	RaTG13-N	CCL3L1	FALSE
SARS-CoV-2-P.1-N_CCL3L1	model_4_multimer_v3_pred_0	0.720099053	0.733328258	SARS-CoV-2-P.1-N	CCL3L1	FALSE
SARS-CoV-2-BQ.1-N_CCL3L1	model_4_multimer_v3_pred_1	0.720048542	0.699931879	SARS-CoV-2-BQ.1-N	CCL3L1	FALSE
SARS-CoV-2-B.1.1.7-N_CCL3L1	model_4_multimer_v3_pred_0	0.719954071	0.831863035	SARS-CoV-2-B.1.1.7-N	CCL3L1	FALSE
SARS-CoV-2-B.1.351-N_CCL3	model_4_multimer_v3_pred_4	0.719444501	0.461539188	SARS-CoV-2-B.1.351-N	CCL3	FALSE
BANAL-20-52-N_CCL3L1	model_4_multimer_v3_pred_0	0.719335461	0.727338654	BANAL-20-52-N	CCL3L1	FALSE
SARS-CoV-2-XBB-N_CCL3L1	model_4_multimer_v3_pred_2	0.719248484	0.716245741	SARS-CoV-2-XBB-N	CCL3L1	FALSE
SARS-CoV-2-BA.2-N_CCL3L1	model_4_multimer_v3_pred_2	0.719040261	0.786521541	SARS-CoV-2-BA.2-N	CCL3L1	FALSE
SARS-CoV-2-BA.1.1-N_IFNA2	model_4_multimer_v3_pred_1	0.71859956	0.978112184	SARS-CoV-2-BA.1.1-N	IFNA2	FALSE
BANAL-20-52-N_CCL3L1	model_4_multimer_v3_pred_4	0.718453241	0.768631635	BANAL-20-52-N	CCL3L1	FALSE
SARS-CoV-2-B.1.617.2-DeltaA-N_CCL3L1	model_4_multimer_v3_pred_1	0.718244999	0.858825212	SARS-CoV-2-B.1.617.2-DeltaA-N	CCL3L1	FALSE
SARS-CoV-2-B.1.351-N_CCL3	model_4_multimer_v3_pred_3	0.71821587	0.43175826	SARS-CoV-2-B.1.351-N	CCL3	FALSE
BANAL-20-52-N_IFNA2	model_4_multimer_v3_pred_2	0.717233838	0.98101039	BANAL-20-52-N	IFNA2	FALSE
SARS-CoV-2-B.1.1-N_CCL3L1	model_4_multimer_v3_pred_3	0.716850447	0.937678116	SARS-CoV-2-B.1.1-N	CCL3L1	FALSE
BANAL-20-52-N_CCL3L1	model_4_multimer_v3_pred_1	0.716536114	0.76816683	BANAL-20-52-N	CCL3L1	FALSE
SARS-CoV-2-B.1.1.7-N_CCL3L1	model_4_multimer_v3_pred_4	0.714621923	0.835331838	SARS-CoV-2-B.1.1.7-N	CCL3L1	FALSE
BANAL-20-52-N_IFNA2	model_4_multimer_v3_pred_3	0.714248409	0.983704424	BANAL-20-52-N	IFNA2	FALSE
SARS-CoV-2-XBB-N_CCL3L1	model_4_multimer_v3_pred_3	0.713989854	0.781188597	SARS-CoV-2-XBB-N	CCL3L1	FALSE
SARS-CoV-2-B.1.1-N_CCL3L1	model_4_multimer_v3_pred_4	0.713970961	0.789877104	SARS-CoV-2-B.1.1-N	CCL3L1	FALSE
SARS-CoV-2-BA.1.1-N_IFNA2	model_4_multimer_v3_pred_0	0.713800719	0.977682785	SARS-CoV-2-BA.1.1-N	IFNA2	FALSE
SARS-CoV-2-B.1.617.2-DeltaA-N_CCL3L1	model_4_multimer_v3_pred_4	0.713761864	0.600348493	SARS-CoV-2-B.1.617.2-DeltaA-N	CCL3L1	FALSE
RaTG13-N_CCL3L1	model_4_multimer_v3_pred_1	0.712891041	0.779993062	RaTG13-N	CCL3L1	FALSE
SARS-CoV-2-P.1-N_CCL3L1	model_4_multimer_v3_pred_4	0.712849882	0.659099619	SARS-CoV-2-P.1-N	CCL3L1	FALSE
SARS-CoV-2-BQ.1-N_CCL3L1	model_4_multimer_v3_pred_2	0.712370572	0.829912928	SARS-CoV-2-BQ.1-N	CCL3L1	FALSE
SARS-CoV-2-B.1.617.2-DeltaA-N_CCL3L1	model_4_multimer_v3_pred_2	0.712163876	0.77019426	SARS-CoV-2-B.1.617.2-DeltaA-N	CCL3L1	FALSE
SARS-CoV-2-B.1.1.529-N_CCL3L1	model_4_multimer_v3_pred_1	0.711913323	0.772030877	SARS-CoV-2-B.1.1.529-N	CCL3L1	FALSE
SARS-CoV-2-BA.2-N_CCL3L1	model_4_multimer_v3_pred_4	0.711784976	0.751989859	SARS-CoV-2-BA.2-N	CCL3L1	FALSE
RaTG13-N_CCL3L1	model_4_multimer_v3_pred_0	0.711478116	0.823930935	RaTG13-N	CCL3L1	FALSE
RaTG13-N_CCL3L1	model_4_multimer_v3_pred_4	0.711099411	0.603226476	RaTG13-N	CCL3L1	FALSE
BANAL-20-52-N_CCL3L1	model_4_multimer_v3_pred_2	0.709290118	0.678457108	BANAL-20-52-N	CCL3L1	FALSE
SARS-CoV-2-B.1.1.529-N_IFNA2	model_4_multimer_v3_pred_2	0.708622057	0.979839232	SARS-CoV-2-B.1.1.529-N	IFNA2	FALSE
SARS-CoV-2-B.1.1-N_CCL3L1	model_4_multimer_v3_pred_2	0.708569447	0.877032817	SARS-CoV-2-B.1.1-N	CCL3L1	FALSE
SARS-CoV-2-BA.1.1-N_CCL3L1	model_4_multimer_v3_pred_4	0.708197284	0.793775722	SARS-CoV-2-BA.1.1-N	CCL3L1	FALSE
SARS-CoV-2-BA.1.1-N_CXCL11	model_4_multimer_v3_pred_4	0.707605402	0.985115486	SARS-CoV-2-BA.1.1-N	CXCL11	TRUE
SARS-CoV-2-B.1.1.7-N_CCL3L1	model_4_multimer_v3_pred_3	0.707073085	0.884517209	SARS-CoV-2-B.1.1.7-N	CCL3L1	FALSE
SARS-CoV-2-BA.1.1-N_CCL3L1	model_4_multimer_v3_pred_3	0.707011816	0.829018876	SARS-CoV-2-BA.1.1-N	CCL3L1	FALSE
SARS-CoV-2-BQ.1-N_CCL3	model_4_multimer_v3_pred_1	0.706834423	0.742893925	SARS-CoV-2-BQ.1-N	CCL3	FALSE
SARS-CoV-2-B.1.1-N_CCL3L1	model_4_multimer_v3_pred_1	0.706031196	0.620315916	SARS-CoV-2-B.1.1-N	CCL3L1	FALSE
SARS-CoV-2-XBB-N_CCL3L1	model_4_multimer_v3_pred_0	0.705466068	0.732574943	SARS-CoV-2-XBB-N	CCL3L1	FALSE
SARS-CoV-2-B.1.351-N_CCL3	model_4_multimer_v3_pred_0	0.704811117	0.77622098	SARS-CoV-2-B.1.351-N	CCL3	FALSE
SARS-CoV-2-BA.1.1-N_CCL3L1	model_4_multimer_v3_pred_2	0.703882807	0.823168996	SARS-CoV-2-BA.1.1-N	CCL3L1	FALSE
SARS-CoV-2-B.1.1.529-N_CCL3L1	model_4_multimer_v3_pred_3	0.7030114	0.789923144	SARS-CoV-2-B.1.1.529-N	CCL3L1	FALSE
SARS-CoV-2-BA.4-N_CCL3L1	model_4_multimer_v3_pred_2	0.702879905	0.803978928	SARS-CoV-2-BA.4-N	CCL3L1	FALSE
SARS-CoV-2-BQ.1-N_CCL3L1	model_4_multimer_v3_pred_4	0.702299202	0.728501604	SARS-CoV-2-BQ.1-N	CCL3L1	FALSE
SARS-CoV-2-BA.4-N_IFNA2	model_4_multimer_v3_pred_0	0.70205615	0.983287907	SARS-CoV-2-BA.4-N	IFNA2	FALSE
SARS-CoV-2-WA1-N_CCL3L1	model_4_multimer_v3_pred_2	0.70177792	0.734479605	SARS-CoV-2-WA1-N	CCL3L1	FALSE
SARS-CoV-2-BQ.1-N_CXCL11	model_3_multimer_v3_pred_1	0.701355137	0.931115416	SARS-CoV-2-BQ.1-N	CXCL11	TRUE
SARS-CoV-2-BQ.1-N_CXCL11	model_4_multimer_v3_pred_1	0.700764266	0.982292542	SARS-CoV-2-BQ.1-N	CXCL11	TRUE
SARS-CoV-2-P.1-N_CCL3L1	model_4_multimer_v3_pred_1	0.700594384	0.868977251	SARS-CoV-2-P.1-N	CCL3L1	FALSE
SARS-CoV-2-P.1-N_CCL3L1	model_4_multimer_v3_pred_3	0.700271929	0.945212085	SARS-CoV-2-P.1-N	CCL3L1	FALSE
SARS-CoV-2-B.1.1.529-N_CCL3	model_4_multimer_v3_pred_4	0.700077621	0.467827885	SARS-CoV-2-B.1.1.529-N	CCL3	FALSE
SARS-CoV-2-BQ.1-N_CCL3L1	model_4_multimer_v3_pred_3	0.699964408	0.843956729	SARS-CoV-2-BQ.1-N	CCL3L1	FALSE
SARS-CoV-2-B.1.617.2-DeltaA-N_CCL3	model_4_multimer_v3_pred_0	0.699400529	0.523144935	SARS-CoV-2-B.1.617.2-DeltaA-N	CCL3	FALSE
SARS-CoV-2-BQ.1-N_CCL3	model_4_multimer_v3_pred_3	0.69938151	0.758122376	SARS-CoV-2-BQ.1-N	CCL3	FALSE
SARS-CoV-2-BA.1.1-N_CCL3L1	model_4_multimer_v3_pred_0	0.697783712	0.730902552	SARS-CoV-2-BA.1.1-N	CCL3L1	FALSE
OC43-N_IL-18	model_5_multimer_v3_pred_1	0.697309432	0.374637344	OC43-N	IL-18	FALSE
SARS-CoV-2-BA.1.1-N_CCL3	model_4_multimer_v3_pred_3	0.696347843	0.509918822	SARS-CoV-2-BA.1.1-N	CCL3	FALSE
RaTG13-N_CCL3	model_4_multimer_v3_pred_2	0.6959265	0.504059461	RaTG13-N	CCL3	FALSE
MERS-CoV-N_CCL1	model_4_multimer_v3_pred_4	0.695139494	0.392962631	MERS-CoV-N	CCL1	FALSE
SARS-CoV-2-BA.2-N_CCL3	model_4_multimer_v3_pred_0	0.695107196	0.778024328	SARS-CoV-2-BA.2-N	CCL3	FALSE
SARS-CoV-2-BA.4-N_IFNA2	model_3_multimer_v3_pred_0	0.694749468	0.239966278	SARS-CoV-2-BA.4-N	IFNA2	FALSE
RaTG13-N_CCL3	model_4_multimer_v3_pred_3	0.694149455	0.561417308	RaTG13-N	CCL3	FALSE
SARS-CoV-2-B.1.1.529-N_CCL3	model_4_multimer_v3_pred_1	0.693653052	0.787098755	SARS-CoV-2-B.1.1.529-N	CCL3	FALSE
SARS-CoV-2-BA.4-N_CCL3L1	model_4_multimer_v3_pred_0	0.693540146	0.889213712	SARS-CoV-2-BA.4-N	CCL3L1	FALSE
SARS-CoV-2-BA.2-N_CCL3L1	model_4_multimer_v3_pred_3	0.692881196	0.837328556	SARS-CoV-2-BA.2-N	CCL3L1	FALSE
SARS-CoV-2-XBB-N_CCL3	model_4_multimer_v3_pred_4	0.692511902	0.768939605	SARS-CoV-2-XBB-N	CCL3	FALSE
BANAL-20-52-N_CCL3	model_4_multimer_v3_pred_0	0.69246443	0.440771198	BANAL-20-52-N	CCL3	FALSE
OC43-N_IL-18	model_5_multimer_v3_pred_3	0.692161626	0.628988286	OC43-N	IL-18	FALSE
SARS-CoV-2-B.1.1.7-N_CCL3	model_4_multimer_v3_pred_2	0.692109424	0.432431098	SARS-CoV-2-B.1.1.7-N	CCL3	FALSE
SARS-CoV-2-P.1-N_CCL3	model_4_multimer_v3_pred_1	0.689761334	0.580607898	SARS-CoV-2-P.1-N	CCL3	FALSE
OC43-N_IL-18	model_5_multimer_v3_pred_4	0.689474473	0.419296635	OC43-N	IL-18	FALSE
SARS-CoV-2-B.1.1.529-N_CCL3	model_4_multimer_v3_pred_0	0.688943221	0.744475672	SARS-CoV-2-B.1.1.529-N	CCL3	FALSE
SARS-CoV-2-BA.4-N_CCL3L1	model_4_multimer_v3_pred_1	0.688706212	0.888199999	SARS-CoV-2-BA.4-N	CCL3L1	FALSE
SARS-CoV-2-B.1.617.2-DeltaA-N_CCL3	model_4_multimer_v3_pred_2	0.688503514	0.520586724	SARS-CoV-2-B.1.617.2-DeltaA-N	CCL3	FALSE
SARS-CoV-2-BQ.1-N_CCL3	model_4_multimer_v3_pred_2	0.688322842	0.761967591	SARS-CoV-2-BQ.1-N	CCL3	FALSE
SARS-CoV-2-B.1.617.2-DeltaA-N_IFNA2	model_4_multimer_v3_pred_0	0.688186088	0.989136137	SARS-CoV-2-B.1.617.2-DeltaA-N	IFNA2	FALSE
SARS-CoV-2-B.1.1-N_CCL3	model_4_multimer_v3_pred_3	0.686979644	0.766945088	SARS-CoV-2-B.1.1-N	CCL3	FALSE
SARS-CoV-2-B.1.1.7-N_CCL3	model_4_multimer_v3_pred_3	0.686868096	0.489941973	SARS-CoV-2-B.1.1.7-N	CCL3	FALSE
RaTG13-N_CCL3	model_4_multimer_v3_pred_4	0.686293117	0.477011847	RaTG13-N	CCL3	FALSE
SARS-CoV-2-WA1-N_CCL3L1	model_4_multimer_v3_pred_1	0.686047549	0.618941466	SARS-CoV-2-WA1-N	CCL3L1	FALSE
SARS-CoV-2-B.1.1.7-N_CCL3	model_4_multimer_v3_pred_4	0.684977973	0.452920546	SARS-CoV-2-B.1.1.7-N	CCL3	FALSE
SARS-CoV-2-WA1-N_CCL3L1	model_4_multimer_v3_pred_4	0.68471368	0.60837484	SARS-CoV-2-WA1-N	CCL3L1	FALSE
SARS-CoV-N_TNFalpha	model_3_multimer_v3_pred_3	0.684672089	0.231772064	SARS-CoV-N	TNFalpha	FALSE
SARS-CoV-2-BQ.1-N_CCL3	model_4_multimer_v3_pred_0	0.683973964	0.538278835	SARS-CoV-2-BQ.1-N	CCL3	FALSE
SARS-CoV-2-XBB-N_CCL3	model_4_multimer_v3_pred_1	0.682713076	0.716722099	SARS-CoV-2-XBB-N	CCL3	FALSE
SARS-CoV-2-WA1-N_IFNA2	model_2_multimer_v3_pred_3	0.682680552	0.733714094	SARS-CoV-2-WA1-N	IFNA2	FALSE
SARS-CoV-2-B.1.1.529-N_IFNA2	model_2_multimer_v3_pred_2	0.682666177	0.233756917	SARS-CoV-2-B.1.1.529-N	IFNA2	FALSE
SARS-CoV-2-B.1.1-N_CCL3	model_4_multimer_v3_pred_0	0.682471709	0.450010219	SARS-CoV-2-B.1.1-N	CCL3	FALSE
SARS-CoV-2-B.1.1-N_CCL3	model_4_multimer_v3_pred_4	0.682046033	0.43966621	SARS-CoV-2-B.1.1-N	CCL3	FALSE
SARS-CoV-2-WA1-N_CCL3L1	model_4_multimer_v3_pred_3	0.68080883	0.590554751	SARS-CoV-2-WA1-N	CCL3L1	FALSE
SARS-CoV-N_TNFalpha	model_3_multimer_v3_pred_0	0.680582027	0.22351723	SARS-CoV-N	TNFalpha	FALSE
OC43-N_IL-18	model_5_multimer_v3_pred_2	0.68027576	0.400962387	OC43-N	IL-18	FALSE
SARS-CoV-2-BA.1.1-N_CCL3	model_4_multimer_v3_pred_4	0.679762549	0.70296226	SARS-CoV-2-BA.1.1-N	CCL3	FALSE
SARS-CoV-2-WA1-N_IL-35	model_1_multimer_v3_pred_1	0.679182849	0.98005659	SARS-CoV-2-WA1-N	IL-35	FALSE
SARS-CoV-2-B.1.1-N_CCL3	model_4_multimer_v3_pred_1	0.678977027	0.538340417	SARS-CoV-2-B.1.1-N	CCL3	FALSE
SARS-CoV-2-P.1-N_CCL3	model_4_multimer_v3_pred_4	0.678903861	0.480666537	SARS-CoV-2-P.1-N	CCL3	FALSE
SARS-CoV-2-P.1-N_CCL3	model_4_multimer_v3_pred_2	0.678370467	0.460341175	SARS-CoV-2-P.1-N	CCL3	FALSE
SARS-CoV-2-BA.4-N_CCL3L1	model_4_multimer_v3_pred_4	0.678353869	0.859085091	SARS-CoV-2-BA.4-N	CCL3L1	FALSE
MERS-CoV-N_CXCL6	model_4_multimer_v3_pred_0	0.678343259	0.961493233	MERS-CoV-N	CXCL6	FALSE
BANAL-20-52-N_CCL3	model_4_multimer_v3_pred_1	0.678257831	0.356293813	BANAL-20-52-N	CCL3	FALSE
RaTG13-N_CCL3	model_4_multimer_v3_pred_1	0.678097307	0.391829425	RaTG13-N	CCL3	FALSE
RaTG13-N_CCL3	model_4_multimer_v3_pred_0	0.677599312	0.479107724	RaTG13-N	CCL3	FALSE
BANAL-20-52-N_CCL3	model_4_multimer_v3_pred_3	0.677113957	0.502647466	BANAL-20-52-N	CCL3	FALSE
SARS-CoV-2-B.1.1.7-N_CCL3	model_4_multimer_v3_pred_1	0.676252591	0.743384884	SARS-CoV-2-B.1.1.7-N	CCL3	FALSE
SARS-CoV-2-P.1-N_CCL3	model_4_multimer_v3_pred_3	0.676134255	0.411393883	SARS-CoV-2-P.1-N	CCL3	FALSE
SARS-CoV-2-BA.2-N_CCL3	model_4_multimer_v3_pred_4	0.675557209	0.536158198	SARS-CoV-2-BA.2-N	CCL3	FALSE
SARS-CoV-2-WA1-N_CCL3L1	model_4_multimer_v3_pred_0	0.675498008	0.617377589	SARS-CoV-2-WA1-N	CCL3L1	FALSE
SARS-CoV-2-BA.2-N_CCL3	model_4_multimer_v3_pred_1	0.675125492	0.547806567	SARS-CoV-2-BA.2-N	CCL3	FALSE
SARS-CoV-2-BA.2-N_CCL3	model_4_multimer_v3_pred_3	0.674266292	0.52286977	SARS-CoV-2-BA.2-N	CCL3	FALSE
SARS-CoV-2-B.1.617.2-DeltaA-N_CCL22	model_4_multimer_v3_pred_4	0.672786078	0.972071855	SARS-CoV-2-B.1.617.2-DeltaA-N	CCL22	FALSE
SARS-CoV-2-XBB-N_CCL3	model_4_multimer_v3_pred_3	0.672726313	0.747229781	SARS-CoV-2-XBB-N	CCL3	FALSE
SARS-CoV-2-BA.2-N_TNFalpha	model_3_multimer_v3_pred_3	0.672225253	0.178851747	SARS-CoV-2-BA.2-N	TNFalpha	FALSE
BANAL-20-52-N_CCL3	model_4_multimer_v3_pred_2	0.671999541	0.329270417	BANAL-20-52-N	CCL3	FALSE
SARS-CoV-2-B.1.1.529-N_IFNA2	model_2_multimer_v3_pred_0	0.671716702	0.681633715	SARS-CoV-2-B.1.1.529-N	IFNA2	FALSE
SARS-CoV-2-B.1.1.529-N_CCL3	model_4_multimer_v3_pred_2	0.671487497	0.423726596	SARS-CoV-2-B.1.1.529-N	CCL3	FALSE
SARS-CoV-2-WA1-N_IFNA2	model_2_multimer_v3_pred_4	0.671458886	0.828795164	SARS-CoV-2-WA1-N	IFNA2	FALSE
SARS-CoV-2-BA.2-N_TNFalpha	model_3_multimer_v3_pred_4	0.671389149	0.135499146	SARS-CoV-2-BA.2-N	TNFalpha	FALSE
MERS-CoV-N_CXCL6	model_4_multimer_v3_pred_4	0.670947218	0.950564578	MERS-CoV-N	CXCL6	FALSE
SARS-CoV-2-BA.4-N_CCL3	model_4_multimer_v3_pred_4	0.670601898	0.714933164	SARS-CoV-2-BA.4-N	CCL3	FALSE
MERS-CoV-N_IFNgamma	model_1_multimer_v3_pred_2	0.670437875	0.01826155	MERS-CoV-N	IFNgamma	FALSE
SARS-CoV-2-B.1.1.7-N_IL-12p70	model_1_multimer_v3_pred_1	0.670409013	0.008012117	SARS-CoV-2-B.1.1.7-N	IL-12p70	FALSE
SARS-CoV-2-B.1.1.7-N_IFNA2	model_4_multimer_v3_pred_2	0.669941195	0.965721035	SARS-CoV-2-B.1.1.7-N	IFNA2	FALSE
SARS-CoV-2-WA1-N_IFNA2	model_2_multimer_v3_pred_0	0.669863911	0.576013144	SARS-CoV-2-WA1-N	IFNA2	FALSE
SARS-CoV-2-BA.2-N_CXCL11	model_4_multimer_v3_pred_4	0.669599849	0.986703737	SARS-CoV-2-BA.2-N	CXCL11	TRUE
SARS-CoV-2-B.1.1-N_TNFalpha	model_3_multimer_v3_pred_3	0.669532011	0.103410308	SARS-CoV-2-B.1.1-N	TNFalpha	FALSE
SARS-CoV-2-B.1.1.7-N_IL-35	model_1_multimer_v3_pred_1	0.669118451	0.989538099	SARS-CoV-2-B.1.1.7-N	IL-35	FALSE
BANAL-20-52-N_TNFalpha	model_3_multimer_v3_pred_1	0.668947216	0.227987868	BANAL-20-52-N	TNFalpha	FALSE
MERS-CoV-N_CXCL5	model_4_multimer_v3_pred_0	0.667942689	0.925089485	MERS-CoV-N	CXCL5	FALSE
MERS-CoV-N_IFNgamma	model_1_multimer_v3_pred_4	0.667785119	0.016617639	MERS-CoV-N	IFNgamma	FALSE
SARS-CoV-2-WA1-N_IFNA2	model_2_multimer_v3_pred_1	0.667678153	0.773072736	SARS-CoV-2-WA1-N	IFNA2	FALSE
RaTG13-N_TNFalpha	model_3_multimer_v3_pred_4	0.667635618	0.194773281	RaTG13-N	TNFalpha	FALSE
MERS-CoV-N_IFNgamma	model_1_multimer_v3_pred_1	0.667617579	0.017360644	MERS-CoV-N	IFNgamma	FALSE
SARS-CoV-2-BQ.1-N_CCL3	model_4_multimer_v3_pred_4	0.667159632	0.687562724	SARS-CoV-2-BQ.1-N	CCL3	FALSE
MERS-CoV-N_CXCL5	model_4_multimer_v3_pred_4	0.666761949	0.934279853	MERS-CoV-N	CXCL5	FALSE
MERS-CoV-N_CXCL6	model_4_multimer_v3_pred_2	0.666405349	0.959914368	MERS-CoV-N	CXCL6	FALSE
SARS-CoV-2-B.1.1.7-N_CCL3	model_4_multimer_v3_pred_0	0.66638848	0.775007117	SARS-CoV-2-B.1.1.7-N	CCL3	FALSE
SARS-CoV-2-P.1-N_IL-12p70	model_1_multimer_v3_pred_1	0.666320812	0.482688391	SARS-CoV-2-P.1-N	IL-12p70	FALSE
SARS-CoV-2-XBB-N_IFNA2	model_2_multimer_v3_pred_4	0.666264988	0.298270388	SARS-CoV-2-XBB-N	IFNA2	FALSE
MERS-CoV-N_IFNgamma	model_1_multimer_v3_pred_3	0.665316393	0.01815716	MERS-CoV-N	IFNgamma	FALSE
SARS-CoV-2-B.1.1.529-N_TNFalpha	model_3_multimer_v3_pred_1	0.664540525	0.205688278	SARS-CoV-2-B.1.1.529-N	TNFalpha	FALSE
SARS-CoV-2-XBB-N_CCL3	model_4_multimer_v3_pred_2	0.66325732	0.611707156	SARS-CoV-2-XBB-N	CCL3	FALSE
SARS-CoV-2-BA.4-N_CXCL11	model_3_multimer_v3_pred_4	0.66282267	0.949200806	SARS-CoV-2-BA.4-N	CXCL11	TRUE
MERS-CoV-N_CXCL5	model_4_multimer_v3_pred_3	0.662780607	0.972057296	MERS-CoV-N	CXCL5	FALSE
SARS-CoV-2-B.1.1.7-N_TNFalpha	model_3_multimer_v3_pred_2	0.662072312	0.248255527	SARS-CoV-2-B.1.1.7-N	TNFalpha	FALSE
SARS-CoV-2-B.1.617.2-DeltaA-N_CCL3	model_4_multimer_v3_pred_1	0.662035604	0.523897366	SARS-CoV-2-B.1.617.2-DeltaA-N	CCL3	FALSE
SARS-CoV-2-XBB-N_IL-35	model_1_multimer_v3_pred_3	0.661327758	0.986696343	SARS-CoV-2-XBB-N	IL-35	FALSE
SARS-CoV-2-B.1.1.529-N_CXCL11	model_4_multimer_v3_pred_3	0.659923426	0.98168354	SARS-CoV-2-B.1.1.529-N	CXCL11	TRUE
SARS-CoV-2-B.1.351-N_CXCL11	model_5_multimer_v3_pred_3	0.659675491	0.959889795	SARS-CoV-2-B.1.351-N	CXCL11	TRUE
SARS-CoV-2-P.1-N_TNFalpha	model_3_multimer_v3_pred_3	0.65945938	0.319680421	SARS-CoV-2-P.1-N	TNFalpha	FALSE
SARS-CoV-2-XBB-N_CCL3	model_4_multimer_v3_pred_0	0.658703061	0.733143818	SARS-CoV-2-XBB-N	CCL3	FALSE
SARS-CoV-2-B.1.617.2-DeltaA-N_IFNA2	model_2_multimer_v3_pred_3	0.657643339	0.272558513	SARS-CoV-2-B.1.617.2-DeltaA-N	IFNA2	FALSE
SARS-CoV-2-XBB-N_CCL13	model_4_multimer_v3_pred_2	0.65713676	0.766933995	SARS-CoV-2-XBB-N	CCL13	FALSE
SARS-CoV-2-B.1.1.529-N_TNFalpha	model_3_multimer_v3_pred_2	0.656995177	0.189030337	SARS-CoV-2-B.1.1.529-N	TNFalpha	FALSE
SARS-CoV-2-B.1.1.7-N_CCL4	model_4_multimer_v3_pred_3	0.656823865	0.875774398	SARS-CoV-2-B.1.1.7-N	CCL4	FALSE
SARS-CoV-2-BA.1.1-N_CCL3	model_4_multimer_v3_pred_1	0.65673031	0.520229137	SARS-CoV-2-BA.1.1-N	CCL3	FALSE
SARS-CoV-2-B.1.351-N_IL-35	model_1_multimer_v3_pred_4	0.656688901	0.986597807	SARS-CoV-2-B.1.351-N	IL-35	FALSE
SARS-CoV-2-BA.1.1-N_CCL13	model_4_multimer_v3_pred_2	0.65620621	0.757397758	SARS-CoV-2-BA.1.1-N	CCL13	FALSE
SARS-CoV-2-P.1-N_TNFalpha	model_3_multimer_v3_pred_1	0.656059798	0.156566597	SARS-CoV-2-P.1-N	TNFalpha	FALSE
SARS-CoV-2-B.1.617.2-DeltaA-N_CCL13	model_4_multimer_v3_pred_4	0.655603138	0.837399825	SARS-CoV-2-B.1.617.2-DeltaA-N	CCL13	FALSE
SARS-CoV-2-B.1.1.529-N_CCL3	model_4_multimer_v3_pred_3	0.655086107	0.726127984	SARS-CoV-2-B.1.1.529-N	CCL3	FALSE
SARS-CoV-2-P.1-N_CCL3	model_4_multimer_v3_pred_0	0.655079913	0.457665838	SARS-CoV-2-P.1-N	CCL3	FALSE
MERS-CoV-N_CXCL14	model_5_multimer_v3_pred_3	0.65497964	0.934302236	MERS-CoV-N	CXCL14	TRUE
SARS-CoV-2-B.1.351-N_CCL13	model_4_multimer_v3_pred_2	0.654883187	0.893160018	SARS-CoV-2-B.1.351-N	CCL13	FALSE
SARS-CoV-2-B.1.1-N_TNFalpha	model_3_multimer_v3_pred_1	0.654752497	0.203018425	SARS-CoV-2-B.1.1-N	TNFalpha	FALSE
MERS-CoV-N_CXCL5	model_2_multimer_v3_pred_2	0.654714889	0.927228793	MERS-CoV-N	CXCL5	FALSE
SARS-CoV-2-BA.4-N_CCL3	model_4_multimer_v3_pred_2	0.654516711	0.697493953	SARS-CoV-2-BA.4-N	CCL3	FALSE
SARS-CoV-2-B.1.1.7-N_CCL13	model_4_multimer_v3_pred_2	0.65381351	0.749345452	SARS-CoV-2-B.1.1.7-N	CCL13	FALSE
SARS-CoV-2-B.1.1.7-N_CCL4	model_4_multimer_v3_pred_4	0.653639414	0.882493207	SARS-CoV-2-B.1.1.7-N	CCL4	FALSE
SARS-CoV-2-B.1.617.2-DeltaA-N_CCL3	model_4_multimer_v3_pred_3	0.653311722	0.431765642	SARS-CoV-2-B.1.617.2-DeltaA-N	CCL3	FALSE
SARS-CoV-2-B.1.1.7-N_CCL13	model_4_multimer_v3_pred_1	0.653286594	0.731690686	SARS-CoV-2-B.1.1.7-N	CCL13	FALSE
MERS-CoV-N_CXCL6	model_2_multimer_v3_pred_2	0.652828793	0.956430649	MERS-CoV-N	CXCL6	FALSE
SARS-CoV-2-B.1.617.2-DeltaA-N_CCL3	model_4_multimer_v3_pred_4	0.651633438	0.533405963	SARS-CoV-2-B.1.617.2-DeltaA-N	CCL3	FALSE
MERS-CoV-N_CXCL5	model_2_multimer_v3_pred_3	0.651626314	0.943013125	MERS-CoV-N	CXCL5	FALSE
SARS-CoV-2-P.1-N_CCL13	model_4_multimer_v3_pred_0	0.65152266	0.774294823	SARS-CoV-2-P.1-N	CCL13	FALSE
MERS-CoV-N_CXCL5	model_2_multimer_v3_pred_1	0.65058679	0.924001468	MERS-CoV-N	CXCL5	FALSE
OC43-N_IL-27	model_1_multimer_v3_pred_0	0.650575534	0.874938508	OC43-N	IL-27	FALSE
MERS-CoV-N_CCL22	model_1_multimer_v3_pred_3	0.649705463	0.967890196	MERS-CoV-N	CCL22	FALSE
SARS-CoV-2-BA.1.1-N_CCL13	model_4_multimer_v3_pred_0	0.649053677	0.969248707	SARS-CoV-2-BA.1.1-N	CCL13	FALSE
BANAL-20-52-N_CCL3	model_4_multimer_v3_pred_4	0.64898523	0.524376156	BANAL-20-52-N	CCL3	FALSE
SARS-CoV-2-B.1.1.529-N_IL-12p70	model_1_multimer_v3_pred_0	0.648836616	0.372847135	SARS-CoV-2-B.1.1.529-N	IL-12p70	FALSE
SARS-CoV-2-BQ.1-N_CXCL11	model_3_multimer_v3_pred_2	0.64864705	0.950814029	SARS-CoV-2-BQ.1-N	CXCL11	TRUE
SARS-CoV-2-BA.1.1-N_CCL3	model_4_multimer_v3_pred_0	0.648459944	0.454776253	SARS-CoV-2-BA.1.1-N	CCL3	FALSE
BANAL-20-52-N_TNFalpha	model_3_multimer_v3_pred_0	0.647937936	0.247949432	BANAL-20-52-N	TNFalpha	FALSE
SARS-CoV-2-P.1-N_CCL13	model_4_multimer_v3_pred_4	0.647399479	0.728846261	SARS-CoV-2-P.1-N	CCL13	FALSE
SARS-CoV-2-BA.4-N_CCL4	model_4_multimer_v3_pred_3	0.64714405	0.877694044	SARS-CoV-2-BA.4-N	CCL4	FALSE
SARS-CoV-2-BA.4-N_CCL3	model_4_multimer_v3_pred_1	0.647124944	0.699961712	SARS-CoV-2-BA.4-N	CCL3	FALSE
SARS-CoV-2-XBB-N_CXCL11	model_3_multimer_v3_pred_0	0.646940156	0.957450698	SARS-CoV-2-XBB-N	CXCL11	TRUE
MERS-CoV-N_CCL22	model_2_multimer_v3_pred_2	0.646530158	0.866184944	MERS-CoV-N	CCL22	FALSE
RaTG13-N_CCL13	model_4_multimer_v3_pred_4	0.645851928	0.785697828	RaTG13-N	CCL13	FALSE
MERS-CoV-N_CXCL5	model_2_multimer_v3_pred_4	0.645549588	0.975915408	MERS-CoV-N	CXCL5	FALSE
SARS-CoV-2-BA.2-N_CCL13	model_4_multimer_v3_pred_3	0.645081007	0.796344017	SARS-CoV-2-BA.2-N	CCL13	FALSE
SARS-CoV-2-XBB-N_CXCL11	model_3_multimer_v3_pred_1	0.644926965	0.966871024	SARS-CoV-2-XBB-N	CXCL11	TRUE
SARS-CoV-2-BA.2-N_CCL13	model_4_multimer_v3_pred_1	0.644908147	0.895452671	SARS-CoV-2-BA.2-N	CCL13	FALSE
BANAL-20-52-N_CCL13	model_4_multimer_v3_pred_3	0.644583624	0.705854755	BANAL-20-52-N	CCL13	FALSE
BANAL-20-52-N_CCL4	model_4_multimer_v3_pred_4	0.644350397	0.903519277	BANAL-20-52-N	CCL4	FALSE
MERS-CoV-N_CXCL5	model_5_multimer_v3_pred_0	0.644079942	0.924535548	MERS-CoV-N	CXCL5	FALSE
MERS-CoV-N_CXCL5	model_2_multimer_v3_pred_0	0.643831171	0.905523589	MERS-CoV-N	CXCL5	FALSE
MERS-CoV-N_CCL22	model_2_multimer_v3_pred_4	0.643455021	0.929521016	MERS-CoV-N	CCL22	FALSE
SARS-CoV-2-B.1.351-N_CCL13	model_4_multimer_v3_pred_3	0.643300606	0.880008368	SARS-CoV-2-B.1.351-N	CCL13	FALSE
MERS-CoV-N_CXCL7	model_2_multimer_v3_pred_3	0.643257083	0.93696103	MERS-CoV-N	CXCL7	FALSE
OC43-N_IL-27	model_1_multimer_v3_pred_2	0.643237046	0.342405092	OC43-N	IL-27	FALSE
SARS-CoV-2-BA.4-N_CCL3	model_4_multimer_v3_pred_3	0.643163353	0.705189041	SARS-CoV-2-BA.4-N	CCL3	FALSE
SARS-CoV-2-XBB-N_CCL13	model_4_multimer_v3_pred_3	0.64293996	0.819007018	SARS-CoV-2-XBB-N	CCL13	FALSE
MERS-CoV-N_CXCL6	model_1_multimer_v3_pred_3	0.642852068	0.904477788	MERS-CoV-N	CXCL6	FALSE
SARS-CoV-2-B.1.1.7-N_CCL13	model_4_multimer_v3_pred_0	0.64260081	0.714081838	SARS-CoV-2-B.1.1.7-N	CCL13	FALSE
SARS-CoV-2-BQ.1-N_CXCL11	model_3_multimer_v3_pred_3	0.642520785	0.959604454	SARS-CoV-2-BQ.1-N	CXCL11	TRUE
SARS-CoV-2-B.1.351-N_IL-12p70	model_1_multimer_v3_pred_4	0.642430557	0.351828152	SARS-CoV-2-B.1.351-N	IL-12p70	FALSE
SARS-CoV-2-BA.2-N_CXCL11	model_2_multimer_v3_pred_4	0.642087184	0.937765372	SARS-CoV-2-BA.2-N	CXCL11	TRUE
SARS-CoV-2-BA.2-N_CXCL11	model_3_multimer_v3_pred_1	0.642084165	0.959377366	SARS-CoV-2-BA.2-N	CXCL11	TRUE
OC43-N_IL-18BP	model_1_multimer_v3_pred_1	0.642034486	0.950483526	OC43-N	IL-18BP	FALSE
SARS-CoV-2-B.1.617.2-DeltaA-N_CCL4	model_4_multimer_v3_pred_3	0.641735139	0.901428806	SARS-CoV-2-B.1.617.2-DeltaA-N	CCL4	FALSE
MERS-CoV-N_CCL22	model_1_multimer_v3_pred_4	0.641727768	0.911654116	MERS-CoV-N	CCL22	FALSE
SARS-CoV-2-BQ.1-N_CXCL11	model_3_multimer_v3_pred_0	0.641682759	0.95725733	SARS-CoV-2-BQ.1-N	CXCL11	TRUE
SARS-CoV-2-B.1.1-N_CCL3	model_4_multimer_v3_pred_2	0.641666562	0.547677886	SARS-CoV-2-B.1.1-N	CCL3	FALSE
SARS-CoV-2-BA.2-N_IL-12p70	model_1_multimer_v3_pred_4	0.641229589	0.279830333	SARS-CoV-2-BA.2-N	IL-12p70	FALSE
SARS-CoV-2-B.1.1.7-N_IL-12p70	model_1_multimer_v3_pred_0	0.64114482	0.362835984	SARS-CoV-2-B.1.1.7-N	IL-12p70	FALSE
RaTG13-N_CCL4	model_4_multimer_v3_pred_1	0.640871866	0.878142057	RaTG13-N	CCL4	FALSE
OC43-N_IL-18BP	model_1_multimer_v3_pred_3	0.640625313	0.05948025	OC43-N	IL-18BP	FALSE
SARS-CoV-2-B.1.1.529-N_CCL13	model_4_multimer_v3_pred_4	0.640483769	0.85877539	SARS-CoV-2-B.1.1.529-N	CCL13	FALSE
SARS-CoV-2-B.1.1.529-N_CCL13	model_4_multimer_v3_pred_1	0.640410026	0.721927068	SARS-CoV-2-B.1.1.529-N	CCL13	FALSE
SARS-CoV-2-B.1.1-N_CCL4	model_4_multimer_v3_pred_2	0.640396855	0.88398798	SARS-CoV-2-B.1.1-N	CCL4	FALSE
MERS-CoV-N_CXCL6	model_2_multimer_v3_pred_4	0.639751496	0.908898126	MERS-CoV-N	CXCL6	FALSE
MERS-CoV-N_CXCL6	model_1_multimer_v3_pred_0	0.639739546	0.915942869	MERS-CoV-N	CXCL6	FALSE
SARS-CoV-2-BA.2-N_CCL13	model_4_multimer_v3_pred_4	0.639738128	0.79090856	SARS-CoV-2-BA.2-N	CCL13	FALSE
SARS-CoV-2-BA.4-N_CCL13	model_4_multimer_v3_pred_2	0.639602148	0.896817967	SARS-CoV-2-BA.4-N	CCL13	FALSE
SARS-CoV-2-BA.2-N_CCL13	model_4_multimer_v3_pred_2	0.639596415	0.764794085	SARS-CoV-2-BA.2-N	CCL13	FALSE
SARS-CoV-2-BQ.1-N_CXCL11	model_3_multimer_v3_pred_4	0.63957211	0.961501055	SARS-CoV-2-BQ.1-N	CXCL11	TRUE
SARS-CoV-2-B.1.617.2-DeltaA-N_CCL13	model_4_multimer_v3_pred_3	0.639550389	0.751906009	SARS-CoV-2-B.1.617.2-DeltaA-N	CCL13	FALSE
MERS-CoV-N_CXCL6	model_3_multimer_v3_pred_2	0.638948366	0.940735567	MERS-CoV-N	CXCL6	FALSE
SARS-CoV-2-B.1.1-N_CCL13	model_4_multimer_v3_pred_3	0.638895542	0.772016478	SARS-CoV-2-B.1.1-N	CCL13	FALSE
MERS-CoV-N_CXCL6	model_2_multimer_v3_pred_1	0.638773197	0.935953669	MERS-CoV-N	CXCL6	FALSE
SARS-CoV-N_CXCL11	model_4_multimer_v3_pred_4	0.638691161	0.9751528	SARS-CoV-N	CXCL11	TRUE
SARS-CoV-2-XBB-N_CCL13	model_4_multimer_v3_pred_1	0.638622004	0.81074319	SARS-CoV-2-XBB-N	CCL13	FALSE
MERS-CoV-N_CCL22	model_2_multimer_v3_pred_0	0.638515504	0.730536326	MERS-CoV-N	CCL22	FALSE
SARS-CoV-2-B.1.351-N_CCL13	model_4_multimer_v3_pred_0	0.638420349	0.708580711	SARS-CoV-2-B.1.351-N	CCL13	FALSE
MERS-CoV-N_CXCL14	model_5_multimer_v3_pred_2	0.638269453	0.948169304	MERS-CoV-N	CXCL14	TRUE
SARS-CoV-2-B.1.1.529-N_CXCL11	model_3_multimer_v3_pred_4	0.63810849	0.95587541	SARS-CoV-2-B.1.1.529-N	CXCL11	TRUE
SARS-CoV-2-BA.4-N_CCL13	model_4_multimer_v3_pred_4	0.637824626	0.939752085	SARS-CoV-2-BA.4-N	CCL13	FALSE
BANAL-20-52-N_CCL20	model_4_multimer_v3_pred_2	0.636538883	0.77598237	BANAL-20-52-N	CCL20	FALSE
RaTG13-N_CCL13	model_4_multimer_v3_pred_0	0.63652928	0.68248697	RaTG13-N	CCL13	FALSE
MERS-CoV-N_CXCL6	model_2_multimer_v3_pred_3	0.63570858	0.892528968	MERS-CoV-N	CXCL6	FALSE
SARS-CoV-2-BA.1.1-N_CXCL11	model_3_multimer_v3_pred_1	0.63547997	0.944128334	SARS-CoV-2-BA.1.1-N	CXCL11	TRUE
MERS-CoV-N_CXCL6	model_5_multimer_v3_pred_2	0.63524298	0.945314219	MERS-CoV-N	CXCL6	FALSE
SARS-CoV-2-B.1.1-N_CXCL11	model_3_multimer_v3_pred_4	0.635178953	0.958879618	SARS-CoV-2-B.1.1-N	CXCL11	TRUE
SARS-CoV-2-B.1.617.2-DeltaA-N_CCL22	model_5_multimer_v3_pred_1	0.635041873	0.927551335	SARS-CoV-2-B.1.617.2-DeltaA-N	CCL22	FALSE
SARS-CoV-2-XBB-N_CXCL11	model_3_multimer_v3_pred_2	0.63497877	0.959470504	SARS-CoV-2-XBB-N	CXCL11	TRUE
SARS-CoV-2-B.1.1.529-N_CCL4	model_4_multimer_v3_pred_0	0.634751852	0.883461483	SARS-CoV-2-B.1.1.529-N	CCL4	FALSE
SARS-CoV-2-B.1.1.529-N_CXCL11	model_3_multimer_v3_pred_1	0.634433007	0.957423538	SARS-CoV-2-B.1.1.529-N	CXCL11	TRUE
SARS-CoV-2-B.1.351-N_CCL22	model_1_multimer_v3_pred_1	0.634011793	0.887461358	SARS-CoV-2-B.1.351-N	CCL22	FALSE
SARS-CoV-2-BA.4-N_CXCL11	model_3_multimer_v3_pred_2	0.633975114	0.960375727	SARS-CoV-2-BA.4-N	CXCL11	TRUE
MERS-CoV-N_CXCL6	model_2_multimer_v3_pred_0	0.633794785	0.916410527	MERS-CoV-N	CXCL6	FALSE
OC43-N_IFNomega	model_3_multimer_v3_pred_1	0.633758845	0.964461645	OC43-N	IFNomega	FALSE
SARS-CoV-2-B.1.1-N_CCL13	model_4_multimer_v3_pred_2	0.633417599	0.845216671	SARS-CoV-2-B.1.1-N	CCL13	FALSE
SARS-CoV-2-BQ.1-N_CCL4	model_4_multimer_v3_pred_4	0.633393434	0.876383668	SARS-CoV-2-BQ.1-N	CCL4	FALSE
SARS-CoV-2-B.1.351-N_CCL13	model_4_multimer_v3_pred_1	0.632700198	0.736777526	SARS-CoV-2-B.1.351-N	CCL13	FALSE
SARS-CoV-2-XBB-N_CCL4	model_4_multimer_v3_pred_1	0.632069356	0.906890311	SARS-CoV-2-XBB-N	CCL4	FALSE
MERS-CoV-N_CXCL14	model_5_multimer_v3_pred_4	0.631696654	0.946166768	MERS-CoV-N	CXCL14	TRUE
MERS-CoV-N_IL-35	model_1_multimer_v3_pred_2	0.630980438	0.970727246	MERS-CoV-N	IL-35	FALSE
SARS-CoV-2-BA.4-N_CCL13	model_4_multimer_v3_pred_3	0.630625829	0.746327629	SARS-CoV-2-BA.4-N	CCL13	FALSE
SARS-CoV-2-WA1-N_CCL3	model_4_multimer_v3_pred_1	0.629773203	0.665527134	SARS-CoV-2-WA1-N	CCL3	FALSE
MERS-CoV-N_CCL22	model_2_multimer_v3_pred_3	0.629661139	0.684505005	MERS-CoV-N	CCL22	FALSE
SARS-CoV-2-BA.4-N_CCL3L1	model_4_multimer_v3_pred_3	0.62959529	0.887280836	SARS-CoV-2-BA.4-N	CCL3L1	FALSE
SARS-CoV-2-B.1.351-N_CCL4	model_4_multimer_v3_pred_0	0.629489624	0.844013838	SARS-CoV-2-B.1.351-N	CCL4	FALSE
SARS-CoV-2-B.1.351-N_CCL22	model_2_multimer_v3_pred_1	0.629473861	0.78465775	SARS-CoV-2-B.1.351-N	CCL22	FALSE
SARS-CoV-2-B.1.1-N_CCL4	model_4_multimer_v3_pred_3	0.628831686	0.890694558	SARS-CoV-2-B.1.1-N	CCL4	FALSE
BANAL-20-52-N_CCL13	model_4_multimer_v3_pred_0	0.628212383	0.723448955	BANAL-20-52-N	CCL13	FALSE
SARS-CoV-2-B.1.617.2-DeltaA-N_CCL4	model_4_multimer_v3_pred_1	0.627889736	0.886546745	SARS-CoV-2-B.1.617.2-DeltaA-N	CCL4	FALSE
SARS-CoV-2-B.1.1-N_CCL4	model_4_multimer_v3_pred_4	0.627864672	0.907189392	SARS-CoV-2-B.1.1-N	CCL4	FALSE
SARS-CoV-2-B.1.1.529-N_IL-35	model_1_multimer_v3_pred_1	0.627755742	0.983530547	SARS-CoV-2-B.1.1.529-N	IL-35	FALSE
SARS-CoV-2-BA.1.1-N_CCL3	model_4_multimer_v3_pred_2	0.626521418	0.454626422	SARS-CoV-2-BA.1.1-N	CCL3	FALSE
MERS-CoV-N_CCL22	model_4_multimer_v3_pred_2	0.625937628	0.945380244	MERS-CoV-N	CCL22	FALSE
SARS-CoV-2-BA.2-N_CXCL11	model_3_multimer_v3_pred_0	0.625831144	0.967700857	SARS-CoV-2-BA.2-N	CXCL11	TRUE
OC43-N_CCL7	model_5_multimer_v3_pred_3	0.625787014	0.889803671	OC43-N	CCL7	FALSE
SARS-CoV-2-BQ.1-N_CCL13	model_4_multimer_v3_pred_3	0.625384539	0.86570623	SARS-CoV-2-BQ.1-N	CCL13	FALSE
MERS-CoV-N_CCL22	model_1_multimer_v3_pred_1	0.625354537	0.888583281	MERS-CoV-N	CCL22	FALSE
SARS-CoV-2-WA1-N_CCL13	model_4_multimer_v3_pred_3	0.624956304	0.715241475	SARS-CoV-2-WA1-N	CCL13	FALSE
SARS-CoV-2-B.1.1.529-N_CCL13	model_4_multimer_v3_pred_3	0.624141523	0.850144132	SARS-CoV-2-B.1.1.529-N	CCL13	FALSE
SARS-CoV-2-BA.1.1-N_CCL13	model_4_multimer_v3_pred_3	0.624009725	0.818916488	SARS-CoV-2-BA.1.1-N	CCL13	FALSE
SARS-CoV-2-BA.1.1-N_CXCL11	model_3_multimer_v3_pred_2	0.623932946	0.961943285	SARS-CoV-2-BA.1.1-N	CXCL11	TRUE
BANAL-20-52-N_CCL13	model_4_multimer_v3_pred_4	0.623492588	0.78481935	BANAL-20-52-N	CCL13	FALSE
SARS-CoV-2-B.1.351-N_IL-23	model_1_multimer_v3_pred_0	0.622708579		SARS-CoV-2-B.1.351-N	IL-23	FALSE
SARS-CoV-2-BA.2-N_CXCL11	model_3_multimer_v3_pred_2	0.621777656	0.972645095	SARS-CoV-2-BA.2-N	CXCL11	TRUE
SARS-CoV-2-BA.1.1-N_CXCL11	model_3_multimer_v3_pred_0	0.621606261	0.961282816	SARS-CoV-2-BA.1.1-N	CXCL11	TRUE
OC43-N_IFNbeta	model_2_multimer_v3_pred_0	0.621165687	0.905921259	OC43-N	IFNbeta	FALSE
OC43-N_CXCL11	model_3_multimer_v3_pred_0	0.620925821	0.952901059	OC43-N	CXCL11	TRUE
SARS-CoV-2-B.1.351-N_CCL4	model_4_multimer_v3_pred_4	0.620846427	0.890321053	SARS-CoV-2-B.1.351-N	CCL4	FALSE
OC43-N_IFNbeta	model_2_multimer_v3_pred_4	0.620741434	0.838505271	OC43-N	IFNbeta	FALSE
RaTG13-N_CCL4	model_4_multimer_v3_pred_4	0.619916467	0.905567385	RaTG13-N	CCL4	FALSE
OC43-N_IL-27	model_1_multimer_v3_pred_3	0.619817787	0.482383302	OC43-N	IL-27	FALSE
SARS-CoV-2-BA.4-N_CCL4	model_4_multimer_v3_pred_4	0.619590671	0.874510662	SARS-CoV-2-BA.4-N	CCL4	FALSE
MERS-CoV-N_CXCL14	model_2_multimer_v3_pred_2	0.619544649	0.940446208	MERS-CoV-N	CXCL14	TRUE
RaTG13-N_CCL4	model_4_multimer_v3_pred_0	0.61922943	0.885966478	RaTG13-N	CCL4	FALSE
RaTG13-N_CXCL11	model_4_multimer_v3_pred_4	0.618840793	0.7161495	RaTG13-N	CXCL11	TRUE
SARS-CoV-2-B.1.351-N_CCL4	model_4_multimer_v3_pred_2	0.618286677	0.863873836	SARS-CoV-2-B.1.351-N	CCL4	FALSE
SARS-CoV-2-B.1.351-N_CCL13	model_4_multimer_v3_pred_4	0.617860674	0.831611822	SARS-CoV-2-B.1.351-N	CCL13	FALSE
SARS-CoV-N_CCL20	model_2_multimer_v3_pred_4	0.61745989	0.483359076	SARS-CoV-N	CCL20	FALSE
SARS-CoV-2-B.1.1.7-N_CCL20	model_2_multimer_v3_pred_4	0.616709952	0.337199997	SARS-CoV-2-B.1.1.7-N	CCL20	FALSE
SARS-CoV-2-BA.4-N_CCL13	model_4_multimer_v3_pred_0	0.616176607	0.872820072	SARS-CoV-2-BA.4-N	CCL13	FALSE
SARS-CoV-2-WA1-N_TNFalpha	model_1_multimer_v3_pred_3	0.615339075	0.076264244	SARS-CoV-2-WA1-N	TNFalpha	FALSE
RaTG13-N_CCL4	model_4_multimer_v3_pred_3	0.615178334	0.877724406	RaTG13-N	CCL4	FALSE
SARS-CoV-2-B.1.1.7-N_CCL4	model_4_multimer_v3_pred_2	0.615145738	0.879507297	SARS-CoV-2-B.1.1.7-N	CCL4	FALSE
SARS-CoV-2-B.1.1-N_CCL4	model_4_multimer_v3_pred_1	0.614767404	0.90700399	SARS-CoV-2-B.1.1-N	CCL4	FALSE
SARS-CoV-2-B.1.1.7-N_CCL13	model_4_multimer_v3_pred_4	0.614587476	0.770199145	SARS-CoV-2-B.1.1.7-N	CCL13	FALSE
OC43-N_CXCL11	model_3_multimer_v3_pred_4	0.614473798	0.958529683	OC43-N	CXCL11	TRUE
MERS-CoV-N_CCL22	model_2_multimer_v3_pred_1	0.614455049	0.80027471	MERS-CoV-N	CCL22	FALSE
SARS-CoV-2-BA.1.1-N_CCL4	model_4_multimer_v3_pred_2	0.61428558	0.890666976	SARS-CoV-2-BA.1.1-N	CCL4	FALSE
SARS-CoV-2-B.1.1-N_CCL20	model_2_multimer_v3_pred_0	0.614115267	0.49005125	SARS-CoV-2-B.1.1-N	CCL20	FALSE
MERS-CoV-N_CXCL14	model_2_multimer_v3_pred_3	0.613690534	0.954126841	MERS-CoV-N	CXCL14	TRUE
SARS-CoV-N_CCL13	model_4_multimer_v3_pred_3	0.61329197	0.841073736	SARS-CoV-N	CCL13	FALSE
SARS-CoV-2-BA.4-N_IL-23	model_1_multimer_v3_pred_4	0.613059078		SARS-CoV-2-BA.4-N	IL-23	FALSE
SARS-CoV-2-XBB-N_CCL20	model_2_multimer_v3_pred_4	0.612945815	0.356299729	SARS-CoV-2-XBB-N	CCL20	FALSE
MERS-CoV-N_CCL22	model_1_multimer_v3_pred_2	0.61272326	0.98489994	MERS-CoV-N	CCL22	FALSE
SARS-CoV-2-WA1-N_CCL13	model_4_multimer_v3_pred_0	0.612560544	0.744793899	SARS-CoV-2-WA1-N	CCL13	FALSE
SARS-CoV-N_CCL13	model_4_multimer_v3_pred_2	0.612527777	0.84296789	SARS-CoV-N	CCL13	FALSE
SARS-CoV-2-B.1.617.2-DeltaA-N_CCL13	model_4_multimer_v3_pred_2	0.612384388	0.705764634	SARS-CoV-2-B.1.617.2-DeltaA-N	CCL13	FALSE
SARS-CoV-2-B.1.617.2-DeltaA-N_IL-23	model_1_multimer_v3_pred_4	0.611387777		SARS-CoV-2-B.1.617.2-DeltaA-N	IL-23	FALSE
SARS-CoV-2-XBB-N_CCL4	model_4_multimer_v3_pred_2	0.611016769	0.900840415	SARS-CoV-2-XBB-N	CCL4	FALSE
SARS-CoV-2-BA.1.1-N_CXCL11	model_3_multimer_v3_pred_3	0.611009917	0.958839262	SARS-CoV-2-BA.1.1-N	CXCL11	TRUE
SARS-CoV-2-XBB-N_CCL4	model_4_multimer_v3_pred_3	0.610486195	0.901633839	SARS-CoV-2-XBB-N	CCL4	FALSE
SARS-CoV-2-BA.1.1-N_CCL13	model_4_multimer_v3_pred_1	0.610328287	0.800364575	SARS-CoV-2-BA.1.1-N	CCL13	FALSE
SARS-CoV-2-WA1-N_CCL13	model_4_multimer_v3_pred_2	0.610208606	0.806996785	SARS-CoV-2-WA1-N	CCL13	FALSE
SARS-CoV-2-B.1.617.2-DeltaA-N_IL-23	model_1_multimer_v3_pred_0	0.61001051		SARS-CoV-2-B.1.617.2-DeltaA-N	IL-23	FALSE
RaTG13-N_CCL13	model_4_multimer_v3_pred_3	0.609870751	0.705882013	RaTG13-N	CCL13	FALSE
SARS-CoV-2-P.1-N_CCL13	model_4_multimer_v3_pred_2	0.609797297	0.755926705	SARS-CoV-2-P.1-N	CCL13	FALSE
SARS-CoV-2-B.1.1-N_CCL13	model_4_multimer_v3_pred_0	0.609460811	0.886563837	SARS-CoV-2-B.1.1-N	CCL13	FALSE
SARS-CoV-2-B.1.1-N_CCL13	model_4_multimer_v3_pred_1	0.609389003	0.821225631	SARS-CoV-2-B.1.1-N	CCL13	FALSE
SARS-CoV-2-B.1.1.529-N_CCL4	model_4_multimer_v3_pred_1	0.609358275	0.889970806	SARS-CoV-2-B.1.1.529-N	CCL4	FALSE
SARS-CoV-2-BQ.1-N_CCL4	model_4_multimer_v3_pred_3	0.609143781	0.869097694	SARS-CoV-2-BQ.1-N	CCL4	FALSE
SARS-CoV-2-B.1.617.2-DeltaA-N_CCL13	model_4_multimer_v3_pred_0	0.609138619	0.672569303	SARS-CoV-2-B.1.617.2-DeltaA-N	CCL13	FALSE
BANAL-20-52-N_CCL13	model_4_multimer_v3_pred_2	0.608923516	0.760900307	BANAL-20-52-N	CCL13	FALSE
SARS-CoV-2-B.1.1.529-N_IL-23	model_1_multimer_v3_pred_4	0.608814165		SARS-CoV-2-B.1.1.529-N	IL-23	FALSE
SARS-CoV-2-B.1.1.7-N_CCL20	model_2_multimer_v3_pred_1	0.608755414	0.27745627	SARS-CoV-2-B.1.1.7-N	CCL20	FALSE
SARS-CoV-2-P.1-N_IL-23	model_1_multimer_v3_pred_4	0.608680593		SARS-CoV-2-P.1-N	IL-23	FALSE
OC43-N_CXCL11	model_3_multimer_v3_pred_3	0.608585821	0.95285473	OC43-N	CXCL11	TRUE
MERS-CoV-N_CCL17	model_1_multimer_v3_pred_4	0.608476618	0.835807871	MERS-CoV-N	CCL17	FALSE
OC43-N_IL-27	model_1_multimer_v3_pred_4	0.608358242	0.544153327	OC43-N	IL-27	FALSE
OC43-N_CCL28	model_4_multimer_v3_pred_3	0.608246551	0.913769341	OC43-N	CCL28	TRUE
SARS-CoV-2-BQ.1-N_CCL13	model_4_multimer_v3_pred_4	0.608229588	0.894064439	SARS-CoV-2-BQ.1-N	CCL13	FALSE
SARS-CoV-2-XBB-N_CXCL11	model_3_multimer_v3_pred_4	0.608028853	0.956990447	SARS-CoV-2-XBB-N	CXCL11	TRUE
SARS-CoV-2-P.1-N_CCL4	model_4_multimer_v3_pred_4	0.607877172	0.880153426	SARS-CoV-2-P.1-N	CCL4	FALSE
RaTG13-N_CCL13	model_4_multimer_v3_pred_2	0.607873751	0.743786189	RaTG13-N	CCL13	FALSE
SARS-CoV-2-B.1.1-N_CCL20	model_2_multimer_v3_pred_1	0.607861874	0.39024245	SARS-CoV-2-B.1.1-N	CCL20	FALSE
SARS-CoV-2-B.1.617.2-DeltaA-N_CCL20	model_2_multimer_v3_pred_3	0.60761334	0.487536776	SARS-CoV-2-B.1.617.2-DeltaA-N	CCL20	FALSE
MERS-CoV-N_CXCL14	model_5_multimer_v3_pred_0	0.607489197	0.958224969	MERS-CoV-N	CXCL14	TRUE
SARS-CoV-2-BA.2-N_CCL4	model_4_multimer_v3_pred_1	0.607044146	0.891010414	SARS-CoV-2-BA.2-N	CCL4	FALSE
OC43-N_CXCL11	model_3_multimer_v3_pred_2	0.60642074	0.959299613	OC43-N	CXCL11	TRUE
MERS-CoV-N_CXCL14	model_5_multimer_v3_pred_1	0.606374604	0.922017251	MERS-CoV-N	CXCL14	TRUE
SARS-CoV-2-B.1.617.2-DeltaA-N_CCL4	model_4_multimer_v3_pred_4	0.605507596	0.901228709	SARS-CoV-2-B.1.617.2-DeltaA-N	CCL4	FALSE
SARS-CoV-2-BQ.1-N_IL-35	model_1_multimer_v3_pred_0	0.604973125	0.994447016	SARS-CoV-2-BQ.1-N	IL-35	FALSE
SARS-CoV-2-B.1.1.529-N_IL-23	model_1_multimer_v3_pred_0	0.604454102	0.007562076	SARS-CoV-2-B.1.1.529-N	IL-23	FALSE
SARS-CoV-N_CCL13	model_4_multimer_v3_pred_4	0.604400804	0.876218756	SARS-CoV-N	CCL13	FALSE
SARS-CoV-2-B.1.1.7-N_CCL20	model_2_multimer_v3_pred_3	0.60434599	0.417548374	SARS-CoV-2-B.1.1.7-N	CCL20	FALSE
SARS-CoV-2-XBB-N_IL-23	model_1_multimer_v3_pred_1	0.604071844		SARS-CoV-2-XBB-N	IL-23	FALSE
SARS-CoV-2-B.1.351-N_IL-23	model_1_multimer_v3_pred_4	0.603612232	0.011137958	SARS-CoV-2-B.1.351-N	IL-23	FALSE
MERS-CoV-N_CXCL14	model_2_multimer_v3_pred_4	0.603430865	0.967076184	MERS-CoV-N	CXCL14	TRUE
MERS-CoV-N_CCL17	model_4_multimer_v3_pred_0	0.603182894	0.776012287	MERS-CoV-N	CCL17	FALSE
SARS-CoV-2-BQ.1-N_CCL13	model_4_multimer_v3_pred_2	0.602827892	0.805008956	SARS-CoV-2-BQ.1-N	CCL13	FALSE
SARS-CoV-2-B.1.1.529-N_IL-23	model_1_multimer_v3_pred_1	0.602406985		SARS-CoV-2-B.1.1.529-N	IL-23	FALSE
SARS-CoV-2-B.1.1.7-N_IL-23	model_1_multimer_v3_pred_2	0.602350918		SARS-CoV-2-B.1.1.7-N	IL-23	FALSE
OC43-N_IFNbeta	model_2_multimer_v3_pred_3	0.602100488	0.868041681	OC43-N	IFNbeta	FALSE
SARS-CoV-2-XBB-N_IL-23	model_1_multimer_v3_pred_4	0.601711935	0.338082334	SARS-CoV-2-XBB-N	IL-23	FALSE
SARS-CoV-2-B.1.617.2-DeltaA-N_CCL13	model_4_multimer_v3_pred_1	0.601257044	0.846590328	SARS-CoV-2-B.1.617.2-DeltaA-N	CCL13	FALSE
SARS-CoV-2-BQ.1-N_CCL13	model_4_multimer_v3_pred_1	0.601249475	0.837683093	SARS-CoV-2-BQ.1-N	CCL13	FALSE
MERS-CoV-N_CXCL10	model_4_multimer_v3_pred_3	0.601197332	0.98340939	MERS-CoV-N	CXCL10	TRUE
SARS-CoV-2-B.1.1.7-N_IL-23	model_1_multimer_v3_pred_0	0.600197312		SARS-CoV-2-B.1.1.7-N	IL-23	FALSE
SARS-CoV-2-BA.2-N_CCL4	model_4_multimer_v3_pred_3	0.600127958	0.891995925	SARS-CoV-2-BA.2-N	CCL4	FALSE
BANAL-20-52-N_CCL20	model_4_multimer_v3_pred_3	0.600045313	0.433245459	BANAL-20-52-N	CCL20	FALSE
SARS-CoV-2-BA.1.1-N_IL-35	model_2_multimer_v3_pred_0	0.599562698	0.983464997	SARS-CoV-2-BA.1.1-N	IL-35	FALSE
SARS-CoV-2-BA.1.1-N_CCL13	model_4_multimer_v3_pred_4	0.599505141	0.796991964	SARS-CoV-2-BA.1.1-N	CCL13	FALSE
SARS-CoV-N_IL-35	model_5_multimer_v3_pred_1	0.599066181	0.976387322	SARS-CoV-N	IL-35	FALSE
SARS-CoV-2-XBB-N_CXCL11	model_3_multimer_v3_pred_3	0.598748959	0.965686015	SARS-CoV-2-XBB-N	CXCL11	TRUE
RaTG13-N_CCL20	model_2_multimer_v3_pred_1	0.598384175	0.409928441	RaTG13-N	CCL20	FALSE
SARS-CoV-2-BQ.1-N_CXCL11	model_1_multimer_v3_pred_0	0.598184626	0.894918856	SARS-CoV-2-BQ.1-N	CXCL11	TRUE
SARS-CoV-2-BA.1.1-N_CXCL11	model_1_multimer_v3_pred_2	0.598174328	0.864496035	SARS-CoV-2-BA.1.1-N	CXCL11	TRUE
BANAL-20-52-N_CCL4	model_4_multimer_v3_pred_1	0.596603144	0.914803857	BANAL-20-52-N	CCL4	FALSE
SARS-CoV-2-BQ.1-N_CXCL11	model_1_multimer_v3_pred_2	0.596357557	0.869457277	SARS-CoV-2-BQ.1-N	CXCL11	TRUE
SARS-CoV-2-XBB-N_IL-23	model_1_multimer_v3_pred_0	0.595754806	0.006274659	SARS-CoV-2-XBB-N	IL-23	FALSE
BANAL-20-52-N_CCL13	model_4_multimer_v3_pred_1	0.595346561	0.826985598	BANAL-20-52-N	CCL13	FALSE
MERS-CoV-N_CCL17	model_1_multimer_v3_pred_2	0.595287047	0.843540816	MERS-CoV-N	CCL17	FALSE
SARS-CoV-N_CCL13	model_4_multimer_v3_pred_1	0.595285545	0.870950175	SARS-CoV-N	CCL13	FALSE
OC43-N_CCL5	model_2_multimer_v3_pred_3	0.595220825	0.733778473	OC43-N	CCL5	TRUE
SARS-CoV-N_CCL20	model_2_multimer_v3_pred_1	0.595165107	0.540606378	SARS-CoV-N	CCL20	FALSE
OC43-N_CCL5	model_2_multimer_v3_pred_2	0.594990991	0.749975061	OC43-N	CCL5	TRUE
MERS-CoV-N_IL-35	model_1_multimer_v3_pred_1	0.594680539	0.972565363	MERS-CoV-N	IL-35	FALSE
OC43-N_IFNbeta	model_2_multimer_v3_pred_1	0.593960294	0.935255939	OC43-N	IFNbeta	FALSE
SARS-CoV-2-BA.1.1-N_CXCL13	model_4_multimer_v3_pred_4	0.59374119	0.828250234	SARS-CoV-2-BA.1.1-N	CXCL13	FALSE
OC43-N_CCL8	model_5_multimer_v3_pred_3	0.593236933	0.911708761	OC43-N	CCL8	FALSE
SARS-CoV-2-BQ.1-N_IL-35	model_5_multimer_v3_pred_4	0.593071876	0.976361189	SARS-CoV-2-BQ.1-N	IL-35	FALSE
SARS-CoV-2-BA.4-N_IFNlambda1	model_3_multimer_v3_pred_0	0.591746956	0.985876272	SARS-CoV-2-BA.4-N	IFNlambda1	FALSE
SARS-CoV-2-BA.2-N_CCL3	model_4_multimer_v3_pred_2	0.591688421	0.448098187	SARS-CoV-2-BA.2-N	CCL3	FALSE
RaTG13-N_CCL4	model_4_multimer_v3_pred_2	0.591580686	0.886130715	RaTG13-N	CCL4	FALSE
SARS-CoV-2-B.1.1.529-N_IL-35	model_1_multimer_v3_pred_3	0.591470218	0.987340241	SARS-CoV-2-B.1.1.529-N	IL-35	FALSE
SARS-CoV-2-B.1.1-N_CCL20	model_2_multimer_v3_pred_2	0.591313259	0.333094515	SARS-CoV-2-B.1.1-N	CCL20	FALSE
SARS-CoV-2-BA.1.1-N_CXCL11	model_1_multimer_v3_pred_3	0.591256783	0.860528258	SARS-CoV-2-BA.1.1-N	CXCL11	TRUE
SARS-CoV-2-B.1.351-N_CCL2	model_4_multimer_v3_pred_0	0.591079918	0.330153546	SARS-CoV-2-B.1.351-N	CCL2	FALSE
MERS-CoV-N_CCL4	model_1_multimer_v3_pred_2	0.590995966	0.852186653	MERS-CoV-N	CCL4	FALSE
SARS-CoV-2-B.1.617.2-DeltaA-N_CCL28	model_4_multimer_v3_pred_1	0.590755884	0.06939796	SARS-CoV-2-B.1.617.2-DeltaA-N	CCL28	TRUE
SARS-CoV-2-BQ.1-N_CCL13	model_4_multimer_v3_pred_0	0.590696928	0.895845099	SARS-CoV-2-BQ.1-N	CCL13	FALSE
SARS-CoV-2-B.1.1.529-N_CXCL11	model_3_multimer_v3_pred_2	0.590687549	0.961151481	SARS-CoV-2-B.1.1.529-N	CXCL11	TRUE
SARS-CoV-2-XBB-N_IFNlambda1	model_3_multimer_v3_pred_1	0.590603016	0.980073509	SARS-CoV-2-XBB-N	IFNlambda1	FALSE
SARS-CoV-2-B.1.1.529-N_CCL4	model_4_multimer_v3_pred_3	0.590456698	0.88257014	SARS-CoV-2-B.1.1.529-N	CCL4	FALSE
SARS-CoV-2-BA.4-N_IFNlambda1	model_3_multimer_v3_pred_2	0.589777716	0.985659087	SARS-CoV-2-BA.4-N	IFNlambda1	FALSE
SARS-CoV-2-WA1-N_CCL3	model_4_multimer_v3_pred_3	0.589360303	0.736826986	SARS-CoV-2-WA1-N	CCL3	FALSE
SARS-CoV-2-XBB-N_CCL20	model_2_multimer_v3_pred_1	0.588958107	0.454178538	SARS-CoV-2-XBB-N	CCL20	FALSE
SARS-CoV-2-BA.2-N_CCL13	model_4_multimer_v3_pred_0	0.588848119	0.866435794	SARS-CoV-2-BA.2-N	CCL13	FALSE
SARS-CoV-2-BA.1.1-N_CCL20	model_2_multimer_v3_pred_2	0.588687897	0.331839343	SARS-CoV-2-BA.1.1-N	CCL20	FALSE
MERS-CoV-N_CXCL14	model_2_multimer_v3_pred_0	0.588550693	0.962731128	MERS-CoV-N	CXCL14	TRUE
SARS-CoV-N_CCL20	model_4_multimer_v3_pred_3	0.588347458	0.677085488	SARS-CoV-N	CCL20	FALSE
MERS-CoV-N_CXCL14	model_1_multimer_v3_pred_0	0.588226062	0.94083947	MERS-CoV-N	CXCL14	TRUE
MERS-CoV-N_CCL28	model_4_multimer_v3_pred_1	0.588055307	0.887685614	MERS-CoV-N	CCL28	TRUE
OC43-N_IFNbeta	model_5_multimer_v3_pred_2	0.587762048	0.865520008	OC43-N	IFNbeta	FALSE
SARS-CoV-2-XBB-N_CCL4	model_4_multimer_v3_pred_4	0.587616008	0.910844528	SARS-CoV-2-XBB-N	CCL4	FALSE
SARS-CoV-2-B.1.1.529-N_CCL13	model_4_multimer_v3_pred_0	0.587571946	0.868195696	SARS-CoV-2-B.1.1.529-N	CCL13	FALSE
OC43-N_IFNbeta	model_2_multimer_v3_pred_2	0.587461243	0.810057115	OC43-N	IFNbeta	FALSE
SARS-CoV-2-B.1.1-N_CCL4	model_4_multimer_v3_pred_0	0.587313295	0.887541699	SARS-CoV-2-B.1.1-N	CCL4	FALSE
SARS-CoV-2-BQ.1-N_IFNlambda1	model_3_multimer_v3_pred_2	0.587201104	0.981105636	SARS-CoV-2-BQ.1-N	IFNlambda1	FALSE
OC43-N_IFNbeta	model_1_multimer_v3_pred_1	0.587149275	0.902530775	OC43-N	IFNbeta	FALSE
SARS-CoV-2-P.1-N_CXCL11	model_4_multimer_v3_pred_0	0.586272912	0.829575384	SARS-CoV-2-P.1-N	CXCL11	TRUE
SARS-CoV-2-BA.2-N_CXCL11	model_3_multimer_v3_pred_4	0.586253576	0.973938729	SARS-CoV-2-BA.2-N	CXCL11	TRUE
SARS-CoV-2-B.1.1.529-N_CXCL11	model_1_multimer_v3_pred_1	0.585251299	0.914333862	SARS-CoV-2-B.1.1.529-N	CXCL11	TRUE
MERS-CoV-N_CXCL14	model_2_multimer_v3_pred_1	0.584842914	0.966879206	MERS-CoV-N	CXCL14	TRUE
OC43-N_CCL5	model_5_multimer_v3_pred_2	0.584695779	0.899188628	OC43-N	CCL5	TRUE
SARS-CoV-2-BQ.1-N_IFNlambda1	model_3_multimer_v3_pred_1	0.584188354	0.978890568	SARS-CoV-2-BQ.1-N	IFNlambda1	FALSE
SARS-CoV-2-B.1.617.2-DeltaA-N_IL-35	model_1_multimer_v3_pred_0	0.583615959	0.991558759	SARS-CoV-2-B.1.617.2-DeltaA-N	IL-35	FALSE
SARS-CoV-2-BA.4-N_CCL13	model_4_multimer_v3_pred_1	0.583608781	0.914349179	SARS-CoV-2-BA.4-N	CCL13	FALSE
SARS-CoV-2-BA.4-N_CXCL11	model_3_multimer_v3_pred_1	0.583331081	0.95862716	SARS-CoV-2-BA.4-N	CXCL11	TRUE
OC43-N_IFNbeta	model_1_multimer_v3_pred_0	0.583252548	0.796515164	OC43-N	IFNbeta	FALSE
SARS-CoV-2-B.1.1-N_CCL28	model_4_multimer_v3_pred_3	0.583210807	0.054313694	SARS-CoV-2-B.1.1-N	CCL28	TRUE
SARS-CoV-2-XBB-N_IFNlambda1	model_3_multimer_v3_pred_2	0.582375453	0.981789505	SARS-CoV-2-XBB-N	IFNlambda1	FALSE
SARS-CoV-2-XBB-N_CXCL11	model_4_multimer_v3_pred_3	0.582192082	0.982267397	SARS-CoV-2-XBB-N	CXCL11	TRUE
BANAL-20-52-N_CCL4	model_4_multimer_v3_pred_3	0.582114124	0.899600764	BANAL-20-52-N	CCL4	FALSE
OC43-N_CXCL12alpha	model_2_multimer_v3_pred_2	0.581752699	0.887466409	OC43-N	CXCL12alpha	FALSE
SARS-CoV-2-P.1-N_CCL13	model_4_multimer_v3_pred_3	0.581683417	0.851675158	SARS-CoV-2-P.1-N	CCL13	FALSE
SARS-CoV-2-BQ.1-N_CCL4	model_4_multimer_v3_pred_2	0.581612312	0.893868511	SARS-CoV-2-BQ.1-N	CCL4	FALSE
SARS-CoV-2-BA.2-N_IFNlambda1	model_3_multimer_v3_pred_3	0.581583694	0.97811154	SARS-CoV-2-BA.2-N	IFNlambda1	FALSE
SARS-CoV-2-BA.1.1-N_IFNgamma	model_2_multimer_v3_pred_1	0.581561851	0.015867598	SARS-CoV-2-BA.1.1-N	IFNgamma	FALSE
SARS-CoV-2-BA.2-N_CCL20	model_2_multimer_v3_pred_2	0.581417327	0.476930394	SARS-CoV-2-BA.2-N	CCL20	FALSE
SARS-CoV-2-BA.2-N_IFNlambda1	model_3_multimer_v3_pred_4	0.580822032	0.97574475	SARS-CoV-2-BA.2-N	IFNlambda1	FALSE
SARS-CoV-N_TNFalpha	model_2_multimer_v3_pred_3	0.580797196	0.12399521	SARS-CoV-N	TNFalpha	FALSE
SARS-CoV-2-P.1-N_TNFalpha	model_3_multimer_v3_pred_2	0.580694714	0.275347756	SARS-CoV-2-P.1-N	TNFalpha	FALSE
SARS-CoV-2-B.1.1.529-N_CCL20	model_2_multimer_v3_pred_1	0.580383764	0.428013495	SARS-CoV-2-B.1.1.529-N	CCL20	FALSE
RaTG13-N_IFNgamma	model_2_multimer_v3_pred_0	0.580355131	0.0153143	RaTG13-N	IFNgamma	FALSE
SARS-CoV-2-BA.2-N_IFNlambda1	model_3_multimer_v3_pred_2	0.580351687	0.979613796	SARS-CoV-2-BA.2-N	IFNlambda1	FALSE
SARS-CoV-2-BA.2-N_IFNgamma	model_2_multimer_v3_pred_4	0.580033714	0.014298556	SARS-CoV-2-BA.2-N	IFNgamma	FALSE
SARS-CoV-2-B.1.1-N_IFNgamma	model_2_multimer_v3_pred_2	0.57973207	0.016501178	SARS-CoV-2-B.1.1-N	IFNgamma	FALSE
SARS-CoV-2-B.1.617.2-DeltaA-N_IFNgamma	model_2_multimer_v3_pred_2	0.579494272	0.016311607	SARS-CoV-2-B.1.617.2-DeltaA-N	IFNgamma	FALSE
BANAL-20-52-N_CCL20	model_2_multimer_v3_pred_4	0.579123763	0.484639137	BANAL-20-52-N	CCL20	FALSE
OC43-N_IFNbeta	model_5_multimer_v3_pred_1	0.578984095	0.75679464	OC43-N	IFNbeta	FALSE
SARS-CoV-2-B.1.1.7-N_CCL20	model_2_multimer_v3_pred_0	0.578812818	0.324107399	SARS-CoV-2-B.1.1.7-N	CCL20	FALSE
SARS-CoV-2-WA1-N_CCL13	model_4_multimer_v3_pred_4	0.578751281	0.714478887	SARS-CoV-2-WA1-N	CCL13	FALSE
SARS-CoV-2-BA.1.1-N_CXCL11	model_1_multimer_v3_pred_1	0.578688108	0.906198325	SARS-CoV-2-BA.1.1-N	CXCL11	TRUE
SARS-CoV-2-B.1.617.2-DeltaA-N_CCL4	model_4_multimer_v3_pred_2	0.578463129	0.888814711	SARS-CoV-2-B.1.617.2-DeltaA-N	CCL4	FALSE
OC43-N_IFNbeta	model_1_multimer_v3_pred_4	0.578134701	0.796805203	OC43-N	IFNbeta	FALSE
SARS-CoV-2-B.1.351-N_IFNgamma	model_2_multimer_v3_pred_0	0.577892881	0.014971659	SARS-CoV-2-B.1.351-N	IFNgamma	FALSE
BANAL-20-52-N_IFNgamma	model_2_multimer_v3_pred_4	0.577890044	0.015537619	BANAL-20-52-N	IFNgamma	FALSE
OC43-N_CCL5	model_5_multimer_v3_pred_3	0.577798413	0.930937226	OC43-N	CCL5	TRUE
RaTG13-N_CCL20	model_2_multimer_v3_pred_4	0.577794777	0.423998363	RaTG13-N	CCL20	FALSE
OC43-N_CCL5	model_1_multimer_v3_pred_3	0.577719084	0.415273605	OC43-N	CCL5	TRUE
SARS-CoV-2-XBB-N_IFNgamma	model_1_multimer_v3_pred_2	0.577165782	0.017690561	SARS-CoV-2-XBB-N	IFNgamma	FALSE
SARS-CoV-2-B.1.351-N_CCL28	model_4_multimer_v3_pred_3	0.576604402	0.094565424	SARS-CoV-2-B.1.351-N	CCL28	TRUE
SARS-CoV-2-B.1.351-N_IFNgamma	model_2_multimer_v3_pred_4	0.576490444	0.016307214	SARS-CoV-2-B.1.351-N	IFNgamma	FALSE
SARS-CoV-2-B.1.1.529-N_CXCL11	model_3_multimer_v3_pred_3	0.576194695	0.961047061	SARS-CoV-2-B.1.1.529-N	CXCL11	TRUE
RaTG13-N_IFNgamma	model_2_multimer_v3_pred_4	0.576069315	0.015487381	RaTG13-N	IFNgamma	FALSE
OC43-N_CCL8	model_5_multimer_v3_pred_2	0.575783137	0.919289858	OC43-N	CCL8	FALSE
SARS-CoV-2-P.1-N_IFNgamma	model_2_multimer_v3_pred_2	0.575454634	0.014703685	SARS-CoV-2-P.1-N	IFNgamma	FALSE
SARS-CoV-2-B.1.1-N_IFNgamma	model_1_multimer_v3_pred_4	0.57545453	0.015971779	SARS-CoV-2-B.1.1-N	IFNgamma	FALSE
SARS-CoV-2-B.1.617.2-DeltaA-N_IL-35	model_1_multimer_v3_pred_3	0.575346436	0.988810204	SARS-CoV-2-B.1.617.2-DeltaA-N	IL-35	FALSE
SARS-CoV-2-B.1.1-N_IL-12p70	model_1_multimer_v3_pred_4	0.575279118	0.026529835	SARS-CoV-2-B.1.1-N	IL-12p70	FALSE
SARS-CoV-2-B.1.1-N_CCL13	model_4_multimer_v3_pred_4	0.575178842	0.836448232	SARS-CoV-2-B.1.1-N	CCL13	FALSE
SARS-CoV-2-BA.1.1-N_IFNgamma	model_2_multimer_v3_pred_2	0.575143477	0.014109037	SARS-CoV-2-BA.1.1-N	IFNgamma	FALSE
OC43-N_CXCL12alpha	model_2_multimer_v3_pred_3	0.574890072	0.840135701	OC43-N	CXCL12alpha	FALSE
OC43-N_IFNbeta	model_5_multimer_v3_pred_0	0.574874096	0.754161259	OC43-N	IFNbeta	FALSE
BANAL-20-52-N_IFNgamma	model_2_multimer_v3_pred_2	0.574743151	0.016151033	BANAL-20-52-N	IFNgamma	FALSE
SARS-CoV-2-B.1.1.529-N_CXCL11	model_3_multimer_v3_pred_0	0.57453734	0.95859468	SARS-CoV-2-B.1.1.529-N	CXCL11	TRUE
SARS-CoV-2-B.1.617.2-DeltaA-N_IFNgamma	model_2_multimer_v3_pred_1	0.574497607	0.015012857	SARS-CoV-2-B.1.617.2-DeltaA-N	IFNgamma	FALSE
SARS-CoV-2-BQ.1-N_IFNlambda1	model_3_multimer_v3_pred_0	0.574226626	0.984530183	SARS-CoV-2-BQ.1-N	IFNlambda1	FALSE
OC43-N_CCL7	model_3_multimer_v3_pred_2	0.574154228	0.856670021	OC43-N	CCL7	FALSE
SARS-CoV-2-XBB-N_IFNlambda1	model_3_multimer_v3_pred_0	0.57405087	0.987363042	SARS-CoV-2-XBB-N	IFNlambda1	FALSE
RaTG13-N_IFNgamma	model_2_multimer_v3_pred_3	0.57388692	0.0179253	RaTG13-N	IFNgamma	FALSE
SARS-CoV-2-BA.1.1-N_IFNgamma	model_2_multimer_v3_pred_4	0.573402074	0.014301948	SARS-CoV-2-BA.1.1-N	IFNgamma	FALSE
SARS-CoV-2-B.1.617.2-DeltaA-N_CCL28	model_4_multimer_v3_pred_2	0.573282326	0.070635973	SARS-CoV-2-B.1.617.2-DeltaA-N	CCL28	TRUE
SARS-CoV-2-B.1.617.2-DeltaA-N_IFNgamma	model_2_multimer_v3_pred_0	0.573178469	0.014996431	SARS-CoV-2-B.1.617.2-DeltaA-N	IFNgamma	FALSE
SARS-CoV-2-BA.4-N_IFNgamma	model_2_multimer_v3_pred_0	0.573170444	0.014512478	SARS-CoV-2-BA.4-N	IFNgamma	FALSE
SARS-CoV-2-B.1.1-N_IFNgamma	model_1_multimer_v3_pred_2	0.573147649	0.013396571	SARS-CoV-2-B.1.1-N	IFNgamma	FALSE
SARS-CoV-2-BA.4-N_IFNgamma	model_2_multimer_v3_pred_4	0.572892846	0.014750637	SARS-CoV-2-BA.4-N	IFNgamma	FALSE
SARS-CoV-N_CCL13	model_4_multimer_v3_pred_0	0.572735334	0.792891037	SARS-CoV-N	CCL13	FALSE
MERS-CoV-N_CCL28	model_4_multimer_v3_pred_2	0.572696879	0.024145322	MERS-CoV-N	CCL28	TRUE
SARS-CoV-N_IFNgamma	model_2_multimer_v3_pred_0	0.572173553	0.015934143	SARS-CoV-N	IFNgamma	FALSE
SARS-CoV-2-B.1.1.529-N_IFNgamma	model_2_multimer_v3_pred_1	0.572029799	0.0158398	SARS-CoV-2-B.1.1.529-N	IFNgamma	FALSE
SARS-CoV-2-B.1.1.7-N_CCL4	model_4_multimer_v3_pred_1	0.571738044	0.88991398	SARS-CoV-2-B.1.1.7-N	CCL4	FALSE
SARS-CoV-2-P.1-N_CCL4	model_4_multimer_v3_pred_1	0.571640186	0.882384514	SARS-CoV-2-P.1-N	CCL4	FALSE
SARS-CoV-2-BQ.1-N_IFNgamma	model_2_multimer_v3_pred_0	0.571558404	0.014740896	SARS-CoV-2-BQ.1-N	IFNgamma	FALSE
OC43-N_CCL5	model_1_multimer_v3_pred_0	0.571477919	0.378177244	OC43-N	CCL5	TRUE
MERS-CoV-N_CXCL14	model_1_multimer_v3_pred_4	0.57132882	0.937642526	MERS-CoV-N	CXCL14	TRUE
SARS-CoV-2-XBB-N_IFNgamma	model_2_multimer_v3_pred_0	0.571313168	0.014603801	SARS-CoV-2-XBB-N	IFNgamma	FALSE
SARS-CoV-2-B.1.1.7-N_IFNgamma	model_2_multimer_v3_pred_4	0.571247955	0.015111014	SARS-CoV-2-B.1.1.7-N	IFNgamma	FALSE
SARS-CoV-2-XBB-N_IFNlambda1	model_3_multimer_v3_pred_3	0.570647313	0.989976495	SARS-CoV-2-XBB-N	IFNlambda1	FALSE
SARS-CoV-2-B.1.1.7-N_IFNgamma	model_2_multimer_v3_pred_0	0.570469715	0.015144135	SARS-CoV-2-B.1.1.7-N	IFNgamma	FALSE
SARS-CoV-2-B.1.1.529-N_IFNgamma	model_2_multimer_v3_pred_3	0.570374044	0.014533089	SARS-CoV-2-B.1.1.529-N	IFNgamma	FALSE
BANAL-20-52-N_IFNgamma	model_2_multimer_v3_pred_0	0.570273286	0.014654772	BANAL-20-52-N	IFNgamma	FALSE
SARS-CoV-2-P.1-N_IFNgamma	model_2_multimer_v3_pred_1	0.570260333	0.015462184	SARS-CoV-2-P.1-N	IFNgamma	FALSE
SARS-CoV-2-BA.4-N_IFNgamma	model_1_multimer_v3_pred_1	0.570255864	0.013113492	SARS-CoV-2-BA.4-N	IFNgamma	FALSE
SARS-CoV-2-B.1.1-N_IFNgamma	model_2_multimer_v3_pred_4	0.570066032	0.014814149	SARS-CoV-2-B.1.1-N	IFNgamma	FALSE
SARS-CoV-2-B.1.1.529-N_IFNgamma	model_2_multimer_v3_pred_2	0.570063159	0.014220571	SARS-CoV-2-B.1.1.529-N	IFNgamma	FALSE
SARS-CoV-2-BA.1.1-N_IFNgamma	model_2_multimer_v3_pred_0	0.569913348	0.015596607	SARS-CoV-2-BA.1.1-N	IFNgamma	FALSE
BANAL-20-52-N_IFNgamma	model_2_multimer_v3_pred_3	0.569905689	0.029015159	BANAL-20-52-N	IFNgamma	FALSE
SARS-CoV-2-B.1.351-N_CCL2	model_4_multimer_v3_pred_1	0.569833918	0.270450059	SARS-CoV-2-B.1.351-N	CCL2	FALSE
SARS-CoV-2-BA.4-N_CCL4	model_4_multimer_v3_pred_1	0.56983232	0.8887181	SARS-CoV-2-BA.4-N	CCL4	FALSE
SARS-CoV-2-BA.2-N_IL-35	model_1_multimer_v3_pred_3	0.569758987	0.991802422	SARS-CoV-2-BA.2-N	IL-35	FALSE
SARS-CoV-2-B.1.1.7-N_IFNgamma	model_2_multimer_v3_pred_1	0.569713907	0.015805005	SARS-CoV-2-B.1.1.7-N	IFNgamma	FALSE
SARS-CoV-2-B.1.1-N_IFNgamma	model_2_multimer_v3_pred_3	0.569581438	0.014986385	SARS-CoV-2-B.1.1-N	IFNgamma	FALSE
SARS-CoV-2-B.1.351-N_CCL4	model_4_multimer_v3_pred_3	0.569275849	0.870670417	SARS-CoV-2-B.1.351-N	CCL4	FALSE
SARS-CoV-2-XBB-N_CXCL11	model_2_multimer_v3_pred_2	0.568984417	0.929769104	SARS-CoV-2-XBB-N	CXCL11	TRUE
MERS-CoV-N_CXCL14	model_1_multimer_v3_pred_3	0.568876769	0.960419426	MERS-CoV-N	CXCL14	TRUE
RaTG13-N_CCL22	model_4_multimer_v3_pred_2	0.568659968	0.759749113	RaTG13-N	CCL22	FALSE
MERS-CoV-N_IFNbeta	model_2_multimer_v3_pred_3	0.56834723	0.094664272	MERS-CoV-N	IFNbeta	FALSE
SARS-CoV-2-WA1-N_CCL13	model_4_multimer_v3_pred_1	0.568193956	0.857965682	SARS-CoV-2-WA1-N	CCL13	FALSE
SARS-CoV-2-B.1.1.529-N_CXCL11	model_1_multimer_v3_pred_4	0.568171877	0.855137525	SARS-CoV-2-B.1.1.529-N	CXCL11	TRUE
SARS-CoV-2-WA1-N_IL-35	model_2_multimer_v3_pred_1	0.56804704	0.978537036	SARS-CoV-2-WA1-N	IL-35	FALSE
SARS-CoV-2-BA.2-N_CXCL11	model_1_multimer_v3_pred_3	0.567930484	0.923353947	SARS-CoV-2-BA.2-N	CXCL11	TRUE
SARS-CoV-2-B.1.1.529-N_CCL20	model_2_multimer_v3_pred_2	0.567903546	0.435053233	SARS-CoV-2-B.1.1.529-N	CCL20	FALSE
OC43-N_IFNbeta	model_5_multimer_v3_pred_3	0.567597518	0.712063039	OC43-N	IFNbeta	FALSE
SARS-CoV-2-B.1.1.529-N_IFNgamma	model_2_multimer_v3_pred_4	0.567525913	0.016031008	SARS-CoV-2-B.1.1.529-N	IFNgamma	FALSE
SARS-CoV-2-B.1.1-N_IFNgamma	model_2_multimer_v3_pred_1	0.567373453	0.015391373	SARS-CoV-2-B.1.1-N	IFNgamma	FALSE
SARS-CoV-2-BA.4-N_IFNgamma	model_2_multimer_v3_pred_1	0.566927492	0.014535284	SARS-CoV-2-BA.4-N	IFNgamma	FALSE
SARS-CoV-2-P.1-N_IFNgamma	model_2_multimer_v3_pred_3	0.566412529	0.01523702	SARS-CoV-2-P.1-N	IFNgamma	FALSE
SARS-CoV-2-BQ.1-N_IFNgamma	model_2_multimer_v3_pred_1	0.566210329	0.014947621	SARS-CoV-2-BQ.1-N	IFNgamma	FALSE
OC43-N_CCL27	model_2_multimer_v3_pred_4	0.566060321	0.969240286	OC43-N	CCL27	FALSE
SARS-CoV-2-XBB-N_IFNgamma	model_2_multimer_v3_pred_4	0.565991951	0.015400552	SARS-CoV-2-XBB-N	IFNgamma	FALSE
SARS-CoV-2-P.1-N_IFNgamma	model_2_multimer_v3_pred_0	0.565941591	0.015027369	SARS-CoV-2-P.1-N	IFNgamma	FALSE
SARS-CoV-2-BQ.1-N_IFNgamma	model_2_multimer_v3_pred_2	0.565834012	0.015256116	SARS-CoV-2-BQ.1-N	IFNgamma	FALSE
SARS-CoV-2-BA.1.1-N_CCL4	model_4_multimer_v3_pred_1	0.565827979	0.86200693	SARS-CoV-2-BA.1.1-N	CCL4	FALSE
SARS-CoV-N_CCL3L1	model_4_multimer_v3_pred_1	0.565447318	0.701433417	SARS-CoV-N	CCL3L1	FALSE
SARS-CoV-2-B.1.1.529-N_IFNgamma	model_2_multimer_v3_pred_0	0.565427067	0.015567683	SARS-CoV-2-B.1.1.529-N	IFNgamma	FALSE
MERS-CoV-N_CCL14	model_4_multimer_v3_pred_2	0.565207966	0.936132188	MERS-CoV-N	CCL14	FALSE
SARS-CoV-N_IFNgamma	model_2_multimer_v3_pred_2	0.564515274	0.015221297	SARS-CoV-N	IFNgamma	FALSE
SARS-CoV-2-BA.4-N_CXCL11	model_3_multimer_v3_pred_3	0.564454104	0.952859507	SARS-CoV-2-BA.4-N	CXCL11	TRUE
SARS-CoV-2-XBB-N_IFNgamma	model_2_multimer_v3_pred_1	0.564453185	0.015642661	SARS-CoV-2-XBB-N	IFNgamma	FALSE
SARS-CoV-2-BA.2-N_CCL4	model_4_multimer_v3_pred_4	0.564190764	0.885591033	SARS-CoV-2-BA.2-N	CCL4	FALSE
SARS-CoV-2-BQ.1-N_IFNgamma	model_2_multimer_v3_pred_3	0.564129647	0.01524062	SARS-CoV-2-BQ.1-N	IFNgamma	FALSE
SARS-CoV-2-B.1.1-N_CCL20	model_4_multimer_v3_pred_2	0.56410286	0.308909421	SARS-CoV-2-B.1.1-N	CCL20	FALSE
BANAL-20-52-N_IFNgamma	model_2_multimer_v3_pred_1	0.56405911	0.016160123	BANAL-20-52-N	IFNgamma	FALSE
SARS-CoV-2-BA.4-N_CCL4	model_4_multimer_v3_pred_2	0.56380863	0.829742142	SARS-CoV-2-BA.4-N	CCL4	FALSE
SARS-CoV-2-P.1-N_IFNgamma	model_1_multimer_v3_pred_0	0.563737308	0.013765039	SARS-CoV-2-P.1-N	IFNgamma	FALSE
RaTG13-N_IFNgamma	model_1_multimer_v3_pred_4	0.563720251	0.0117118	RaTG13-N	IFNgamma	FALSE
SARS-CoV-2-B.1.617.2-DeltaA-N_IFNgamma	model_1_multimer_v3_pred_2	0.563713396	0.055929623	SARS-CoV-2-B.1.617.2-DeltaA-N	IFNgamma	FALSE
SARS-CoV-2-WA1-N_CCL3	model_4_multimer_v3_pred_4	0.56356753	0.751380239	SARS-CoV-2-WA1-N	CCL3	FALSE
SARS-CoV-2-XBB-N_CCL4	model_4_multimer_v3_pred_0	0.56344164	0.892796943	SARS-CoV-2-XBB-N	CCL4	FALSE
SARS-CoV-2-B.1.1.7-N_IFNgamma	model_2_multimer_v3_pred_2	0.56321647	0.016126577	SARS-CoV-2-B.1.1.7-N	IFNgamma	FALSE
SARS-CoV-2-BA.2-N_IFNgamma	model_2_multimer_v3_pred_3	0.563165232	0.015032162	SARS-CoV-2-BA.2-N	IFNgamma	FALSE
SARS-CoV-2-BA.1.1-N_IFNgamma	model_2_multimer_v3_pred_3	0.563071926	0.015084227	SARS-CoV-2-BA.1.1-N	IFNgamma	FALSE
SARS-CoV-2-BQ.1-N_CCL4	model_4_multimer_v3_pred_0	0.562954346	0.865782537	SARS-CoV-2-BQ.1-N	CCL4	FALSE
SARS-CoV-2-P.1-N_CCL28	model_4_multimer_v3_pred_1	0.562707189	0.08398223	SARS-CoV-2-P.1-N	CCL28	TRUE
SARS-CoV-2-B.1.617.2-DeltaA-N_IFNgamma	model_2_multimer_v3_pred_4	0.562659165	0.015746711	SARS-CoV-2-B.1.617.2-DeltaA-N	IFNgamma	FALSE
SARS-CoV-2-BA.4-N_IFNgamma	model_2_multimer_v3_pred_3	0.562231629	0.015662194	SARS-CoV-2-BA.4-N	IFNgamma	FALSE
SARS-CoV-2-B.1.1-N_IFNgamma	model_2_multimer_v3_pred_0	0.562179243	0.014786262	SARS-CoV-2-B.1.1-N	IFNgamma	FALSE
SARS-CoV-2-BA.2-N_IFNgamma	model_2_multimer_v3_pred_1	0.561853319	0.014819305	SARS-CoV-2-BA.2-N	IFNgamma	FALSE
OC43-N_CCL7	model_3_multimer_v3_pred_3	0.561693253	0.839398306	OC43-N	CCL7	FALSE
SARS-CoV-2-BA.4-N_TNFalpha	model_2_multimer_v3_pred_2	0.561652856	0.104398477	SARS-CoV-2-BA.4-N	TNFalpha	FALSE
SARS-CoV-2-XBB-N_IFNgamma	model_2_multimer_v3_pred_3	0.561271568	0.015507131	SARS-CoV-2-XBB-N	IFNgamma	FALSE
SARS-CoV-2-BA.4-N_CCL28	model_4_multimer_v3_pred_1	0.561108964	0.078085119	SARS-CoV-2-BA.4-N	CCL28	TRUE
SARS-CoV-2-P.1-N_CCL20	model_2_multimer_v3_pred_4	0.560989489	0.642044964	SARS-CoV-2-P.1-N	CCL20	FALSE
OC43-N_CCL5	model_1_multimer_v3_pred_1	0.560730651	0.318364456	OC43-N	CCL5	TRUE
SARS-CoV-2-BA.2-N_IFNgamma	model_2_multimer_v3_pred_2	0.559915406	0.015426501	SARS-CoV-2-BA.2-N	IFNgamma	FALSE
SARS-CoV-2-XBB-N_TNFalpha	model_2_multimer_v3_pred_1	0.559409054	0.114086729	SARS-CoV-2-XBB-N	TNFalpha	FALSE
SARS-CoV-2-BQ.1-N_CCL4	model_4_multimer_v3_pred_1	0.558799341	0.877903825	SARS-CoV-2-BQ.1-N	CCL4	FALSE
SARS-CoV-2-B.1.617.2-DeltaA-N_IFNgamma	model_1_multimer_v3_pred_3	0.558773961	0.011670194	SARS-CoV-2-B.1.617.2-DeltaA-N	IFNgamma	FALSE
SARS-CoV-2-XBB-N_IFNgamma	model_2_multimer_v3_pred_2	0.558460205	0.015048164	SARS-CoV-2-XBB-N	IFNgamma	FALSE
SARS-CoV-2-XBB-N_CCL13	model_4_multimer_v3_pred_4	0.558265311	0.905984368	SARS-CoV-2-XBB-N	CCL13	FALSE
SARS-CoV-N_IFNgamma	model_2_multimer_v3_pred_3	0.558105744	0.01647428	SARS-CoV-N	IFNgamma	FALSE
SARS-CoV-2-B.1.1-N_IL-35	model_1_multimer_v3_pred_2	0.557918061	0.982156603	SARS-CoV-2-B.1.1-N	IL-35	FALSE
SARS-CoV-2-BA.4-N_IFNgamma	model_2_multimer_v3_pred_2	0.557783899	0.013704656	SARS-CoV-2-BA.4-N	IFNgamma	FALSE
BANAL-20-52-N_CCL4	model_4_multimer_v3_pred_0	0.55684987	0.901302264	BANAL-20-52-N	CCL4	FALSE
BANAL-20-52-N_IL-35	model_5_multimer_v3_pred_0	0.556684137	0.981337789	BANAL-20-52-N	IL-35	FALSE
SARS-CoV-2-B.1.351-N_IFNgamma	model_2_multimer_v3_pred_3	0.556606306	0.009517563	SARS-CoV-2-B.1.351-N	IFNgamma	FALSE
SARS-CoV-2-B.1.1.7-N_CCL13	model_4_multimer_v3_pred_3	0.5565124	0.803313748	SARS-CoV-2-B.1.1.7-N	CCL13	FALSE
MERS-CoV-N_CCL22	model_4_multimer_v3_pred_4	0.555998072	0.966108892	MERS-CoV-N	CCL22	FALSE
SARS-CoV-2-B.1.351-N_IFNgamma	model_2_multimer_v3_pred_1	0.555376047	0.012652594	SARS-CoV-2-B.1.351-N	IFNgamma	FALSE
RaTG13-N_IL-23	model_2_multimer_v3_pred_3	0.555356263		RaTG13-N	IL-23	FALSE
SARS-CoV-2-P.1-N_IFNgamma	model_2_multimer_v3_pred_4	0.554713624	0.013705152	SARS-CoV-2-P.1-N	IFNgamma	FALSE
SARS-CoV-2-BA.2-N_IFNlambda1	model_3_multimer_v3_pred_0	0.554058756	0.976700839	SARS-CoV-2-BA.2-N	IFNlambda1	FALSE
RaTG13-N_IFNgamma	model_1_multimer_v3_pred_3	0.553131105	0.01367221	RaTG13-N	IFNgamma	FALSE
SARS-CoV-2-BQ.1-N_CXCL11	model_5_multimer_v3_pred_2	0.552472981	0.945019926	SARS-CoV-2-BQ.1-N	CXCL11	TRUE
BANAL-20-52-N_IFNgamma	model_1_multimer_v3_pred_1	0.552380118	0.015115436	BANAL-20-52-N	IFNgamma	FALSE
SARS-CoV-2-BQ.1-N_IFNgamma	model_2_multimer_v3_pred_4	0.552036326	0.015334949	SARS-CoV-2-BQ.1-N	IFNgamma	FALSE
SARS-CoV-2-BA.1.1-N_IL-35	model_1_multimer_v3_pred_3	0.550259471	0.981074017	SARS-CoV-2-BA.1.1-N	IL-35	FALSE
MERS-CoV-N_CXCL6	model_3_multimer_v3_pred_0	0.55004732	0.941822821	MERS-CoV-N	CXCL6	FALSE
OC43-N_CCL8	model_5_multimer_v3_pred_4	0.549851877	0.93421629	OC43-N	CCL8	FALSE
SARS-CoV-2-BA.2-N_CCL20	model_4_multimer_v3_pred_2	0.549746102	0.306432463	SARS-CoV-2-BA.2-N	CCL20	FALSE
SARS-CoV-2-BA.1.1-N_CCL20	model_2_multimer_v3_pred_0	0.549163058	0.389411489	SARS-CoV-2-BA.1.1-N	CCL20	FALSE
OC43-N_IFNbeta	model_1_multimer_v3_pred_3	0.549137167	0.987545686	OC43-N	IFNbeta	FALSE
MERS-CoV-N_CCL15	model_4_multimer_v3_pred_2	0.54891292	0.892457894	MERS-CoV-N	CCL15	FALSE
OC43-N_CCL8	model_5_multimer_v3_pred_1	0.548450467	0.948638143	OC43-N	CCL8	FALSE
SARS-CoV-2-BQ.1-N_CCL20	model_2_multimer_v3_pred_1	0.548022079	0.371573031	SARS-CoV-2-BQ.1-N	CCL20	FALSE
SARS-CoV-2-B.1.1-N_IL-23	model_2_multimer_v3_pred_2	0.547615204		SARS-CoV-2-B.1.1-N	IL-23	FALSE
SARS-CoV-2-BQ.1-N_IFNlambda1	model_3_multimer_v3_pred_3	0.546206392	0.981035709	SARS-CoV-2-BQ.1-N	IFNlambda1	FALSE
BANAL-20-52-N_CCL4	model_4_multimer_v3_pred_2	0.546186878	0.901379534	BANAL-20-52-N	CCL4	FALSE
SARS-CoV-2-P.1-N_CCL4	model_4_multimer_v3_pred_2	0.545525083	0.886367161	SARS-CoV-2-P.1-N	CCL4	FALSE
SARS-CoV-2-B.1.617.2-DeltaA-N_IL-6Ralpha	model_2_multimer_v3_pred_4	0.545391029	0.438981011	SARS-CoV-2-B.1.617.2-DeltaA-N	IL-6Ralpha	FALSE
SARS-CoV-2-BA.1.1-N_CCL4	model_4_multimer_v3_pred_3	0.544753757	0.891488255	SARS-CoV-2-BA.1.1-N	CCL4	FALSE
OC43-N_CCL7	model_3_multimer_v3_pred_1	0.544082026	0.836746012	OC43-N	CCL7	FALSE
OC43-N_CCL27	model_2_multimer_v3_pred_2	0.543979092	0.977838999	OC43-N	CCL27	FALSE
SARS-CoV-2-B.1.617.2-DeltaA-N_IFNlambda1	model_1_multimer_v3_pred_0	0.543645875	0.4456948	SARS-CoV-2-B.1.617.2-DeltaA-N	IFNlambda1	FALSE
SARS-CoV-2-B.1.351-N_IL-12p70	model_4_multimer_v3_pred_2	0.542835653	0.474994588	SARS-CoV-2-B.1.351-N	IL-12p70	FALSE
SARS-CoV-2-B.1.351-N_IL-35	model_5_multimer_v3_pred_4	0.542552988	0.976283833	SARS-CoV-2-B.1.351-N	IL-35	FALSE
OC43-N_CCL8	model_4_multimer_v3_pred_2	0.542415539	0.904677586	OC43-N	CCL8	FALSE
OC43-N_CCL7	model_3_multimer_v3_pred_4	0.542218483	0.804367446	OC43-N	CCL7	FALSE
SARS-CoV-2-BQ.1-N_IFNlambda1	model_3_multimer_v3_pred_4	0.541945082	0.974779532	SARS-CoV-2-BQ.1-N	IFNlambda1	FALSE
SARS-CoV-2-XBB-N_CCL3L1	model_3_multimer_v3_pred_2	0.54161047	0.953842515	SARS-CoV-2-XBB-N	CCL3L1	FALSE
OC43-N_CCL5	model_3_multimer_v3_pred_4	0.541299618	0.822398262	OC43-N	CCL5	TRUE
SARS-CoV-2-XBB-N_IFNA2	model_4_multimer_v3_pred_0	0.540542765	0.992305768	SARS-CoV-2-XBB-N	IFNA2	FALSE
SARS-CoV-2-B.1.351-N_CCL4	model_4_multimer_v3_pred_1	0.540251066	0.903482515	SARS-CoV-2-B.1.351-N	CCL4	FALSE
MERS-CoV-N_CCL15	model_4_multimer_v3_pred_4	0.539719963	0.844627963	MERS-CoV-N	CCL15	FALSE
SARS-CoV-2-WA1-N_TNFalpha	model_2_multimer_v3_pred_4	0.539705651	0.042281068	SARS-CoV-2-WA1-N	TNFalpha	FALSE
SARS-CoV-2-BA.2-N_CCL4	model_4_multimer_v3_pred_2	0.538963977	0.884710979	SARS-CoV-2-BA.2-N	CCL4	FALSE
OC43-N_IFNbeta	model_3_multimer_v3_pred_3	0.538378784	0.815831006	OC43-N	IFNbeta	FALSE
SARS-CoV-2-B.1.617.2-DeltaA-N_IL-35	model_1_multimer_v3_pred_4	0.537846389	0.984700441	SARS-CoV-2-B.1.617.2-DeltaA-N	IL-35	FALSE
SARS-CoV-2-XBB-N_CCL20	model_4_multimer_v3_pred_1	0.537710552	0.203306628	SARS-CoV-2-XBB-N	CCL20	FALSE
SARS-CoV-2-B.1.351-N_CXCL9	model_4_multimer_v3_pred_0	0.536906439	0.477526657	SARS-CoV-2-B.1.351-N	CXCL9	TRUE
OC43-N_IFNbeta	model_3_multimer_v3_pred_2	0.536649403	0.833443452	OC43-N	IFNbeta	FALSE
SARS-CoV-2-WA1-N_IL-35	model_1_multimer_v3_pred_3	0.536570541	0.982658396	SARS-CoV-2-WA1-N	IL-35	FALSE
RaTG13-N_IL-35	model_1_multimer_v3_pred_4	0.536496999	0.988358891	RaTG13-N	IL-35	FALSE
OC43-N_CCL5	model_3_multimer_v3_pred_1	0.536181435	0.881278764	OC43-N	CCL5	TRUE
SARS-CoV-2-B.1.1.7-N_CCL22	model_4_multimer_v3_pred_1	0.536162504	0.304126244	SARS-CoV-2-B.1.1.7-N	CCL22	FALSE
SARS-CoV-2-B.1.617.2-DeltaA-N_IL-6Ralpha	model_2_multimer_v3_pred_1	0.534843123	0.340108568	SARS-CoV-2-B.1.617.2-DeltaA-N	IL-6Ralpha	FALSE
SARS-CoV-2-B.1.1.7-N_IL-6Ralpha	model_2_multimer_v3_pred_2	0.533997093	0.387530608	SARS-CoV-2-B.1.1.7-N	IL-6Ralpha	FALSE
SARS-CoV-2-WA1-N_CCL4	model_4_multimer_v3_pred_0	0.533652684	0.902076567	SARS-CoV-2-WA1-N	CCL4	FALSE
SARS-CoV-2-B.1.1.7-N_IL-35	model_1_multimer_v3_pred_2	0.532629735	0.989246806	SARS-CoV-2-B.1.1.7-N	IL-35	FALSE
SARS-CoV-2-P.1-N_IFNlambda1	model_1_multimer_v3_pred_4	0.532248847	0.467738328	SARS-CoV-2-P.1-N	IFNlambda1	FALSE
BANAL-20-52-N_IFNlambda1	model_1_multimer_v3_pred_2	0.531674782	0.433847658	BANAL-20-52-N	IFNlambda1	FALSE
SARS-CoV-2-B.1.1.7-N_IFNlambda1	model_1_multimer_v3_pred_1	0.530894057	0.457316009	SARS-CoV-2-B.1.1.7-N	IFNlambda1	FALSE
SARS-CoV-2-B.1.1.7-N_CCL20	model_4_multimer_v3_pred_2	0.529081591	0.335002338	SARS-CoV-2-B.1.1.7-N	CCL20	FALSE
SARS-CoV-2-P.1-N_IL-6Ralpha	model_2_multimer_v3_pred_4	0.528996606	0.451653537	SARS-CoV-2-P.1-N	IL-6Ralpha	FALSE
SARS-CoV-2-B.1.1-N_TNFalpha	model_2_multimer_v3_pred_4	0.528989376	0.08398111	SARS-CoV-2-B.1.1-N	TNFalpha	FALSE
RaTG13-N_IL-23	model_4_multimer_v3_pred_2	0.528901967	0.011822927	RaTG13-N	IL-23	FALSE
OC43-N_IFNbeta	model_5_multimer_v3_pred_4	0.528755783	0.741745098	OC43-N	IFNbeta	FALSE
OC43-N_CXCL6	model_4_multimer_v3_pred_4	0.528737353	0.972099947	OC43-N	CXCL6	FALSE
OC43-N_IFNbeta	model_3_multimer_v3_pred_1	0.528135488	0.842702355	OC43-N	IFNbeta	FALSE
SARS-CoV-2-BA.1.1-N_IL-23	model_4_multimer_v3_pred_0	0.527840589	0.021500858	SARS-CoV-2-BA.1.1-N	IL-23	FALSE
SARS-CoV-2-B.1.1.529-N_CCL2	model_1_multimer_v3_pred_4	0.5278347	0.710680981	SARS-CoV-2-B.1.1.529-N	CCL2	FALSE
SARS-CoV-N_IFNlambda1	model_1_multimer_v3_pred_0	0.527627539	0.402359199	SARS-CoV-N	IFNlambda1	FALSE
OC43-N_CCL5	model_5_multimer_v3_pred_4	0.527570047	0.950195676	OC43-N	CCL5	TRUE
BANAL-20-52-N_IL-6Ralpha	model_1_multimer_v3_pred_3	0.527356531	0.299422331	BANAL-20-52-N	IL-6Ralpha	FALSE
SARS-CoV-2-XBB-N_IFNlambda1	model_1_multimer_v3_pred_2	0.527165739	0.585061891	SARS-CoV-2-XBB-N	IFNlambda1	FALSE
SARS-CoV-2-XBB-N_IL-23	model_4_multimer_v3_pred_0	0.527141984	0.010348554	SARS-CoV-2-XBB-N	IL-23	FALSE
SARS-CoV-2-BA.2-N_CCL4	model_4_multimer_v3_pred_0	0.526579526	0.887085011	SARS-CoV-2-BA.2-N	CCL4	FALSE
BANAL-20-52-N_CCL22	model_4_multimer_v3_pred_1	0.526438729	0.241958169	BANAL-20-52-N	CCL22	FALSE
SARS-CoV-2-P.1-N_CCL13	model_2_multimer_v3_pred_3	0.526356545	0.834340026	SARS-CoV-2-P.1-N	CCL13	FALSE
SARS-CoV-2-P.1-N_IL-23	model_4_multimer_v3_pred_0	0.525044973	0.04092686	SARS-CoV-2-P.1-N	IL-23	FALSE
OC43-N_CCL27	model_2_multimer_v3_pred_0	0.524937057	0.977259972	OC43-N	CCL27	FALSE
RaTG13-N_IL-35	model_1_multimer_v3_pred_3	0.524798564	0.988476164	RaTG13-N	IL-35	FALSE
OC43-N_CCL5	model_3_multimer_v3_pred_2	0.524669141	0.660781377	OC43-N	CCL5	TRUE
OC43-N_IFNbeta	model_1_multimer_v3_pred_2	0.524505414	0.833795641	OC43-N	IFNbeta	FALSE
BANAL-20-52-N_IL-35	model_1_multimer_v3_pred_1	0.524443727	0.980099149	BANAL-20-52-N	IL-35	FALSE
SARS-CoV-2-BA.4-N_IL-23	model_4_multimer_v3_pred_4	0.524397786	0.033830091	SARS-CoV-2-BA.4-N	IL-23	FALSE
SARS-CoV-2-BA.4-N_CCL22	model_4_multimer_v3_pred_0	0.523893031	0.364055754	SARS-CoV-2-BA.4-N	CCL22	FALSE
SARS-CoV-N_CCL3L1	model_4_multimer_v3_pred_2	0.52387723	0.668090115	SARS-CoV-N	CCL3L1	FALSE
SARS-CoV-2-B.1.1.7-N_CCL3L1	model_2_multimer_v3_pred_2	0.523626022	0.748428041	SARS-CoV-2-B.1.1.7-N	CCL3L1	FALSE
SARS-CoV-2-B.1.617.2-DeltaA-N_CCL4	model_4_multimer_v3_pred_0	0.523371927	0.894191649	SARS-CoV-2-B.1.617.2-DeltaA-N	CCL4	FALSE
SARS-CoV-2-BA.4-N_CXCL11	model_3_multimer_v3_pred_0	0.523324719	0.953430781	SARS-CoV-2-BA.4-N	CXCL11	TRUE
SARS-CoV-2-B.1.1.529-N_CCL4	model_4_multimer_v3_pred_2	0.52289176	0.884651598	SARS-CoV-2-B.1.1.529-N	CCL4	FALSE
SARS-CoV-N_CCL22	model_4_multimer_v3_pred_3	0.522791562	0.861189322	SARS-CoV-N	CCL22	FALSE
SARS-CoV-2-B.1.351-N_IFNlambda1	model_1_multimer_v3_pred_3	0.522518922	0.370390736	SARS-CoV-2-B.1.351-N	IFNlambda1	FALSE
SARS-CoV-2-B.1.351-N_CCL2	model_1_multimer_v3_pred_0	0.522451925	0.382925743	SARS-CoV-2-B.1.351-N	CCL2	FALSE
RaTG13-N_IL-6Ralpha	model_1_multimer_v3_pred_2	0.52225923	0.253311989	RaTG13-N	IL-6Ralpha	FALSE
SARS-CoV-2-WA1-N_IFNlambda1	model_1_multimer_v3_pred_0	0.52168608	0.635456565	SARS-CoV-2-WA1-N	IFNlambda1	FALSE
SARS-CoV-2-B.1.617.2-DeltaA-N_IL-23	model_4_multimer_v3_pred_2	0.521676339	0.023048415	SARS-CoV-2-B.1.617.2-DeltaA-N	IL-23	FALSE
SARS-CoV-2-WA1-N_CCL4	model_4_multimer_v3_pred_3	0.521266083	0.909429762	SARS-CoV-2-WA1-N	CCL4	FALSE
BANAL-20-52-N_IL-6Ralpha	model_1_multimer_v3_pred_4	0.520711202	0.294417288	BANAL-20-52-N	IL-6Ralpha	FALSE
SARS-CoV-2-B.1.351-N_IL-23	model_4_multimer_v3_pred_3	0.520512015	0.090923324	SARS-CoV-2-B.1.351-N	IL-23	FALSE
BANAL-20-52-N_IFNlambda1	model_1_multimer_v3_pred_4	0.520356457	0.461887886	BANAL-20-52-N	IFNlambda1	FALSE
OC43-N_CCL27	model_2_multimer_v3_pred_1	0.520287896	0.906598842	OC43-N	CCL27	FALSE
RaTG13-N_IL-6Ralpha	model_1_multimer_v3_pred_1	0.520118131	0.238189226	RaTG13-N	IL-6Ralpha	FALSE
SARS-CoV-2-B.1.1.7-N_IL-18BP	model_2_multimer_v3_pred_1	0.519844674	0.991032514	SARS-CoV-2-B.1.1.7-N	IL-18BP	FALSE
SARS-CoV-2-B.1.1.7-N_CCL4	model_4_multimer_v3_pred_0	0.519829942	0.880680458	SARS-CoV-2-B.1.1.7-N	CCL4	FALSE
SARS-CoV-2-BA.2-N_IL-23	model_4_multimer_v3_pred_0	0.519701401	0.050756325	SARS-CoV-2-BA.2-N	IL-23	FALSE
OC43-N_CXCL8	model_3_multimer_v3_pred_2	0.519689654	0.668301804	OC43-N	CXCL8	FALSE
BANAL-20-52-N_IL-6Ralpha	model_1_multimer_v3_pred_1	0.519659443	0.287370607	BANAL-20-52-N	IL-6Ralpha	FALSE
RaTG13-N_IL-23	model_4_multimer_v3_pred_4	0.51941836	0.061548245	RaTG13-N	IL-23	FALSE
OC43-N_CCL27	model_2_multimer_v3_pred_3	0.519360121	0.974947323	OC43-N	CCL27	FALSE
SARS-CoV-2-B.1.1.529-N_IL-6Ralpha	model_2_multimer_v3_pred_0	0.519301442	0.392674626	SARS-CoV-2-B.1.1.529-N	IL-6Ralpha	FALSE
OC43-N_IL-18BP	model_3_multimer_v3_pred_1	0.519078567	0.91413478	OC43-N	IL-18BP	FALSE
SARS-CoV-2-B.1.351-N_IL-6Ralpha	model_1_multimer_v3_pred_4	0.519007291	0.348210514	SARS-CoV-2-B.1.351-N	IL-6Ralpha	FALSE
SARS-CoV-2-B.1.1.529-N_CCL4	model_4_multimer_v3_pred_4	0.518934125	0.838039048	SARS-CoV-2-B.1.1.529-N	CCL4	FALSE
SARS-CoV-N_IL-35	model_1_multimer_v3_pred_2	0.51879566	0.988179655	SARS-CoV-N	IL-35	FALSE
SARS-CoV-2-B.1.617.2-DeltaA-N_IL-23	model_4_multimer_v3_pred_3	0.518763942	0.014428994	SARS-CoV-2-B.1.617.2-DeltaA-N	IL-23	FALSE
SARS-CoV-2-B.1.1.7-N_IL-23	model_4_multimer_v3_pred_1	0.51874182	0.01210995	SARS-CoV-2-B.1.1.7-N	IL-23	FALSE
SARS-CoV-2-BA.1.1-N_IL-6Ralpha	model_2_multimer_v3_pred_1	0.518684388	0.269389812	SARS-CoV-2-BA.1.1-N	IL-6Ralpha	FALSE
SARS-CoV-2-BA.4-N_IL-12p70	model_2_multimer_v3_pred_3	0.518576449	0.443120867	SARS-CoV-2-BA.4-N	IL-12p70	FALSE
SARS-CoV-2-BA.1.1-N_IL-12p70	model_4_multimer_v3_pred_2	0.518107418	0.680629048	SARS-CoV-2-BA.1.1-N	IL-12p70	FALSE
SARS-CoV-2-P.1-N_CCL4	model_4_multimer_v3_pred_0	0.518081497	0.862259978	SARS-CoV-2-P.1-N	CCL4	FALSE
RaTG13-N_IL-12p70	model_4_multimer_v3_pred_3	0.518040699	0.628740716	RaTG13-N	IL-12p70	FALSE
SARS-CoV-2-B.1.617.2-DeltaA-N_IL-23	model_4_multimer_v3_pred_0	0.51755013	0.016451352	SARS-CoV-2-B.1.617.2-DeltaA-N	IL-23	FALSE
SARS-CoV-2-BA.1.1-N_IL-35	model_5_multimer_v3_pred_0	0.517240014	0.983887463	SARS-CoV-2-BA.1.1-N	IL-35	FALSE
SARS-CoV-2-BA.1.1-N_IL-23	model_4_multimer_v3_pred_3	0.517010748	0.053112295	SARS-CoV-2-BA.1.1-N	IL-23	FALSE
RaTG13-N_IL-23	model_4_multimer_v3_pred_3	0.516581769	0.068972577	RaTG13-N	IL-23	FALSE
SARS-CoV-2-B.1.351-N_IL-6Ralpha	model_1_multimer_v3_pred_3	0.516545773	0.427386007	SARS-CoV-2-B.1.351-N	IL-6Ralpha	FALSE
SARS-CoV-2-B.1.351-N_IL-23	model_4_multimer_v3_pred_2	0.516371002	0.017910151	SARS-CoV-2-B.1.351-N	IL-23	FALSE
SARS-CoV-2-BA.4-N_IL-23	model_4_multimer_v3_pred_0	0.51631678	0.074613437	SARS-CoV-2-BA.4-N	IL-23	FALSE
BANAL-20-52-N_IL-6Ralpha	model_2_multimer_v3_pred_2	0.516287252	0.529746661	BANAL-20-52-N	IL-6Ralpha	FALSE
SARS-CoV-2-B.1.1.7-N_IL-23	model_4_multimer_v3_pred_3	0.51587144	0.061975077	SARS-CoV-2-B.1.1.7-N	IL-23	FALSE
SARS-CoV-2-BQ.1-N_CXCL11	model_5_multimer_v3_pred_0	0.515712235	0.953613627	SARS-CoV-2-BQ.1-N	CXCL11	TRUE
OC43-N_CXCL3	model_2_multimer_v3_pred_4	0.515371206	0.974003431	OC43-N	CXCL3	FALSE
BANAL-20-52-N_IL-6Ralpha	model_1_multimer_v3_pred_0	0.514734843	0.29898124	BANAL-20-52-N	IL-6Ralpha	FALSE
SARS-CoV-2-B.1.351-N_IL-35	model_1_multimer_v3_pred_2	0.514712134	0.986507428	SARS-CoV-2-B.1.351-N	IL-35	FALSE
SARS-CoV-2-P.1-N_IL-6Ralpha	model_1_multimer_v3_pred_3	0.514639261	0.335262204	SARS-CoV-2-P.1-N	IL-6Ralpha	FALSE
SARS-CoV-2-P.1-N_IL-35	model_1_multimer_v3_pred_1	0.514304749	0.99370839	SARS-CoV-2-P.1-N	IL-35	FALSE
OC43-N_CXCL8	model_3_multimer_v3_pred_3	0.514173901	0.89364318	OC43-N	CXCL8	FALSE
MERS-CoV-N_IL-12p70	model_3_multimer_v3_pred_4	0.514091966	0.344283902	MERS-CoV-N	IL-12p70	FALSE
SARS-CoV-2-BQ.1-N_CXCL11	model_5_multimer_v3_pred_3	0.513985593	0.953580238	SARS-CoV-2-BQ.1-N	CXCL11	TRUE
SARS-CoV-2-B.1.1.7-N_CCL25	model_4_multimer_v3_pred_0	0.51372034	0.667001065	SARS-CoV-2-B.1.1.7-N	CCL25	FALSE
MERS-CoV-N_IL-35	model_1_multimer_v3_pred_3	0.513488464	0.98752016	MERS-CoV-N	IL-35	FALSE
OC43-N_CCL28	model_2_multimer_v3_pred_4	0.513318496	0.922328201	OC43-N	CCL28	TRUE
SARS-CoV-2-BQ.1-N_IL-35	model_1_multimer_v3_pred_1	0.513011337	0.986159048	SARS-CoV-2-BQ.1-N	IL-35	FALSE
SARS-CoV-2-BQ.1-N_IFNgamma	model_1_multimer_v3_pred_3	0.512925613	0.010659343	SARS-CoV-2-BQ.1-N	IFNgamma	FALSE
BANAL-20-52-N_IL-6Ralpha	model_1_multimer_v3_pred_2	0.5127591	0.335311707	BANAL-20-52-N	IL-6Ralpha	FALSE
SARS-CoV-2-BA.1.1-N_IL-35	model_1_multimer_v3_pred_4	0.512438068	0.988665742	SARS-CoV-2-BA.1.1-N	IL-35	FALSE
SARS-CoV-2-B.1.351-N_IFNgamma	model_1_multimer_v3_pred_3	0.512420702	0.008208089	SARS-CoV-2-B.1.351-N	IFNgamma	FALSE
SARS-CoV-2-B.1.1.529-N_CCL25	model_4_multimer_v3_pred_0	0.512391755	0.687463478	SARS-CoV-2-B.1.1.529-N	CCL25	FALSE
SARS-CoV-2-P.1-N_IL-12p70	model_4_multimer_v3_pred_0	0.512148225	0.881663898	SARS-CoV-2-P.1-N	IL-12p70	FALSE
MERS-CoV-N_IL-12p70	model_3_multimer_v3_pred_0	0.512141999	0.303976876	MERS-CoV-N	IL-12p70	FALSE
OC43-N_CCL5	model_3_multimer_v3_pred_3	0.511982989	0.788395478	OC43-N	CCL5	TRUE
SARS-CoV-2-BA.4-N_IFNgamma	model_1_multimer_v3_pred_3	0.511695908	0.010499912	SARS-CoV-2-BA.4-N	IFNgamma	FALSE
RaTG13-N_IL-12p70	model_4_multimer_v3_pred_0	0.511231839	0.772104339	RaTG13-N	IL-12p70	FALSE
OC43-N_CCL28	model_2_multimer_v3_pred_1	0.511116564	0.909041175	OC43-N	CCL28	TRUE
RaTG13-N_IL-6Ralpha	model_1_multimer_v3_pred_4	0.511114324	0.237252834	RaTG13-N	IL-6Ralpha	FALSE
SARS-CoV-2-B.1.617.2-DeltaA-N_IL-6Ralpha	model_1_multimer_v3_pred_3	0.511091337	0.284106271	SARS-CoV-2-B.1.617.2-DeltaA-N	IL-6Ralpha	FALSE
SARS-CoV-N_IL-6Ralpha	model_1_multimer_v3_pred_2	0.51089721	0.226374747	SARS-CoV-N	IL-6Ralpha	FALSE
SARS-CoV-2-BQ.1-N_IL-6Ralpha	model_1_multimer_v3_pred_3	0.510871482	0.293761943	SARS-CoV-2-BQ.1-N	IL-6Ralpha	FALSE
SARS-CoV-2-BA.1.1-N_IL-6Ralpha	model_1_multimer_v3_pred_2	0.510859473	0.440499581	SARS-CoV-2-BA.1.1-N	IL-6Ralpha	FALSE
SARS-CoV-2-B.1.617.2-DeltaA-N_CCL25	model_4_multimer_v3_pred_2	0.510790365	0.629735814	SARS-CoV-2-B.1.617.2-DeltaA-N	CCL25	FALSE
SARS-CoV-2-BQ.1-N_IL-23	model_4_multimer_v3_pred_1	0.510303232	0.053539369	SARS-CoV-2-BQ.1-N	IL-23	FALSE
SARS-CoV-2-B.1.1-N_CCL25	model_4_multimer_v3_pred_3	0.509958616	0.680344073	SARS-CoV-2-B.1.1-N	CCL25	FALSE
SARS-CoV-2-XBB-N_IL-6Ralpha	model_2_multimer_v3_pred_2	0.509917508	0.251981561	SARS-CoV-2-XBB-N	IL-6Ralpha	FALSE
SARS-CoV-2-B.1.617.2-DeltaA-N_IL-6Ralpha	model_1_multimer_v3_pred_2	0.509842576	0.282737026	SARS-CoV-2-B.1.617.2-DeltaA-N	IL-6Ralpha	FALSE
MERS-CoV-N_CCL13	model_4_multimer_v3_pred_1	0.509125794	0.737737559	MERS-CoV-N	CCL13	FALSE
SARS-CoV-2-B.1.1-N_IL-6Ralpha	model_1_multimer_v3_pred_4	0.509124499	0.339908762	SARS-CoV-2-B.1.1-N	IL-6Ralpha	FALSE
SARS-CoV-2-BQ.1-N_IL-23	model_4_multimer_v3_pred_0	0.509108093	0.036768444	SARS-CoV-2-BQ.1-N	IL-23	FALSE
SARS-CoV-2-B.1.1.7-N_CCL25	model_4_multimer_v3_pred_3	0.508845101	0.701230708	SARS-CoV-2-B.1.1.7-N	CCL25	FALSE
SARS-CoV-2-BQ.1-N_IL-6Ralpha	model_1_multimer_v3_pred_4	0.50882017	0.344145824	SARS-CoV-2-BQ.1-N	IL-6Ralpha	FALSE
SARS-CoV-2-XBB-N_IL-6Ralpha	model_1_multimer_v3_pred_4	0.508816357	0.314834741	SARS-CoV-2-XBB-N	IL-6Ralpha	FALSE
OC43-N_CXCL8	model_3_multimer_v3_pred_4	0.508783	0.813709993	OC43-N	CXCL8	FALSE
SARS-CoV-2-B.1.1.7-N_CCL25	model_4_multimer_v3_pred_1	0.508753948	0.676350116	SARS-CoV-2-B.1.1.7-N	CCL25	FALSE
OC43-N_CCL28	model_2_multimer_v3_pred_0	0.50830315	0.898882862	OC43-N	CCL28	TRUE
SARS-CoV-2-BA.2-N_CCL22	model_4_multimer_v3_pred_1	0.508072727	0.832403163	SARS-CoV-2-BA.2-N	CCL22	FALSE
MERS-CoV-N_CXCL14	model_1_multimer_v3_pred_1	0.508045394	0.932767298	MERS-CoV-N	CXCL14	TRUE
SARS-CoV-2-P.1-N_CCL4	model_4_multimer_v3_pred_3	0.507742914	0.863162098	SARS-CoV-2-P.1-N	CCL4	FALSE
SARS-CoV-2-BA.4-N_IL-6Ralpha	model_1_multimer_v3_pred_0	0.507166324	0.332004145	SARS-CoV-2-BA.4-N	IL-6Ralpha	FALSE
SARS-CoV-2-BA.4-N_IFNgamma	model_1_multimer_v3_pred_0	0.50675833	0.012447624	SARS-CoV-2-BA.4-N	IFNgamma	FALSE
SARS-CoV-2-B.1.617.2-DeltaA-N_CXCL13	model_4_multimer_v3_pred_0	0.506695652	0.908768147	SARS-CoV-2-B.1.617.2-DeltaA-N	CXCL13	FALSE
SARS-CoV-2-BA.4-N_IL-6Ralpha	model_1_multimer_v3_pred_1	0.506602202	0.314677592	SARS-CoV-2-BA.4-N	IL-6Ralpha	FALSE
SARS-CoV-2-B.1.617.2-DeltaA-N_CCL25	model_4_multimer_v3_pred_4	0.506584785	0.763364725	SARS-CoV-2-B.1.617.2-DeltaA-N	CCL25	FALSE
RaTG13-N_IFNgamma	model_1_multimer_v3_pred_0	0.506570196	0.022633202	RaTG13-N	IFNgamma	FALSE
MERS-CoV-N_CCL22	model_5_multimer_v3_pred_1	0.506322469	0.874002625	MERS-CoV-N	CCL22	FALSE
OC43-N_CCL28	model_2_multimer_v3_pred_3	0.506066307	0.856269077	OC43-N	CCL28	TRUE
SARS-CoV-2-P.1-N_IL-35	model_1_multimer_v3_pred_3	0.505727405	0.991805604	SARS-CoV-2-P.1-N	IL-35	FALSE
SARS-CoV-2-BQ.1-N_IL-6Ralpha	model_1_multimer_v3_pred_2	0.505682568	0.319508042	SARS-CoV-2-BQ.1-N	IL-6Ralpha	FALSE
RaTG13-N_IL-6Ralpha	model_2_multimer_v3_pred_0	0.505582117	0.839527531	RaTG13-N	IL-6Ralpha	FALSE
SARS-CoV-2-B.1.1.529-N_CCL25	model_4_multimer_v3_pred_2	0.505568872	0.745284696	SARS-CoV-2-B.1.1.529-N	CCL25	FALSE
RaTG13-N_IFNlambda1	model_1_multimer_v3_pred_3	0.505419052	0.363974781	RaTG13-N	IFNlambda1	FALSE
SARS-CoV-2-BA.2-N_CCL25	model_4_multimer_v3_pred_0	0.505294692	0.707869091	SARS-CoV-2-BA.2-N	CCL25	FALSE
SARS-CoV-2-BQ.1-N_IL-23	model_4_multimer_v3_pred_4	0.50492721	0.050477482	SARS-CoV-2-BQ.1-N	IL-23	FALSE
OC43-N_CCL28	model_2_multimer_v3_pred_2	0.504903716	0.89745459	OC43-N	CCL28	TRUE
RaTG13-N_IL-35	model_5_multimer_v3_pred_2	0.50475671	0.978476608	RaTG13-N	IL-35	FALSE
SARS-CoV-2-P.1-N_CCL25	model_4_multimer_v3_pred_0	0.504659896	0.646370174	SARS-CoV-2-P.1-N	CCL25	FALSE
SARS-CoV-2-BQ.1-N_CCL22	model_4_multimer_v3_pred_2	0.504578017	0.576413772	SARS-CoV-2-BQ.1-N	CCL22	FALSE
SARS-CoV-2-B.1.617.2-DeltaA-N_CCL22	model_4_multimer_v3_pred_0	0.504563238	0.409100101	SARS-CoV-2-B.1.617.2-DeltaA-N	CCL22	FALSE
SARS-CoV-2-P.1-N_CCL2	model_1_multimer_v3_pred_4	0.504488827	0.524487361	SARS-CoV-2-P.1-N	CCL2	FALSE
SARS-CoV-2-BA.4-N_IL-6Ralpha	model_1_multimer_v3_pred_2	0.504319048	0.29386479	SARS-CoV-2-BA.4-N	IL-6Ralpha	FALSE
SARS-CoV-2-P.1-N_CCL2	model_1_multimer_v3_pred_3	0.504249613	0.691445017	SARS-CoV-2-P.1-N	CCL2	FALSE
BANAL-20-52-N_CCL25	model_4_multimer_v3_pred_1	0.504181349	0.756575991	BANAL-20-52-N	CCL25	FALSE
SARS-CoV-N_IL-23	model_4_multimer_v3_pred_1	0.504015618		SARS-CoV-N	IL-23	FALSE
SARS-CoV-2-B.1.1.7-N_IL-6Ralpha	model_1_multimer_v3_pred_2	0.503728875	0.374336035	SARS-CoV-2-B.1.1.7-N	IL-6Ralpha	FALSE
OC43-N_CXCL8	model_3_multimer_v3_pred_0	0.503707654	0.956758949	OC43-N	CXCL8	FALSE
SARS-CoV-2-BQ.1-N_CXCL11	model_5_multimer_v3_pred_1	0.503684864	0.961631786	SARS-CoV-2-BQ.1-N	CXCL11	TRUE
SARS-CoV-N_CCL2	model_1_multimer_v3_pred_3	0.50339133	0.679548531	SARS-CoV-N	CCL2	FALSE
SARS-CoV-N_CCL25	model_4_multimer_v3_pred_0	0.503222382	0.793586086	SARS-CoV-N	CCL25	FALSE
SARS-CoV-2-WA1-N_TNFalpha	model_2_multimer_v3_pred_3	0.503099684	0.042852971	SARS-CoV-2-WA1-N	TNFalpha	FALSE
OC43-N_IFNbeta	model_3_multimer_v3_pred_0	0.502965852	0.821810061	OC43-N	IFNbeta	FALSE
SARS-CoV-2-BA.4-N_CCL20	model_2_multimer_v3_pred_0	0.502943355	0.660529457	SARS-CoV-2-BA.4-N	CCL20	FALSE
SARS-CoV-2-B.1.351-N_IFNgamma	model_1_multimer_v3_pred_4	0.502855613	0.013326092	SARS-CoV-2-B.1.351-N	IFNgamma	FALSE
SARS-CoV-2-B.1.617.2-DeltaA-N_IFNlambda1	model_1_multimer_v3_pred_1	0.502855504	0.399591986	SARS-CoV-2-B.1.617.2-DeltaA-N	IFNlambda1	FALSE
SARS-CoV-2-BA.1.1-N_IL-12p70	model_4_multimer_v3_pred_1	0.50245817	0.838130348	SARS-CoV-2-BA.1.1-N	IL-12p70	FALSE
MERS-CoV-N_IL-23	model_1_multimer_v3_pred_2	0.502267929	0.013002654	MERS-CoV-N	IL-23	FALSE
MERS-CoV-N_IL-12p70	model_3_multimer_v3_pred_2	0.501924648	0.184359918	MERS-CoV-N	IL-12p70	FALSE
SARS-CoV-2-BQ.1-N_IFNgamma	model_1_multimer_v3_pred_0	0.501708912	0.009977767	SARS-CoV-2-BQ.1-N	IFNgamma	FALSE
OC43-N_IFNbeta	model_4_multimer_v3_pred_2	0.501708428	0.914298884	OC43-N	IFNbeta	FALSE
SARS-CoV-2-B.1.1.529-N_IFNgamma	model_1_multimer_v3_pred_4	0.501616268	0.010402877	SARS-CoV-2-B.1.1.529-N	IFNgamma	FALSE
SARS-CoV-2-BA.2-N_IL-23	model_4_multimer_v3_pred_4	0.501603322	0.098698837	SARS-CoV-2-BA.2-N	IL-23	FALSE
SARS-CoV-2-WA1-N_IL-6Ralpha	model_1_multimer_v3_pred_1	0.501335992	0.261088154	SARS-CoV-2-WA1-N	IL-6Ralpha	FALSE
SARS-CoV-2-B.1.351-N_CCL2	model_1_multimer_v3_pred_1	0.50117181	0.714015904	SARS-CoV-2-B.1.351-N	CCL2	FALSE
SARS-CoV-N_IL-23	model_4_multimer_v3_pred_3	0.50114242		SARS-CoV-N	IL-23	FALSE
RaTG13-N_CCL2	model_1_multimer_v3_pred_3	0.501041386	0.661550102	RaTG13-N	CCL2	FALSE
SARS-CoV-2-BA.1.1-N_IL-6Ralpha	model_1_multimer_v3_pred_0	0.501037719	0.324659371	SARS-CoV-2-BA.1.1-N	IL-6Ralpha	FALSE
BANAL-20-52-N_IL-23	model_4_multimer_v3_pred_1	0.501031229	0.955660461	BANAL-20-52-N	IL-23	FALSE
SARS-CoV-2-B.1.1.529-N_IL-18BP	model_2_multimer_v3_pred_4	0.500961849	0.977217916	SARS-CoV-2-B.1.1.529-N	IL-18BP	FALSE
BANAL-20-52-N_CCL2	model_1_multimer_v3_pred_0	0.500615154	0.660733135	BANAL-20-52-N	CCL2	FALSE
SARS-CoV-2-B.1.1.529-N_CCL2	model_1_multimer_v3_pred_0	0.500448969	0.444150165	SARS-CoV-2-B.1.1.529-N	CCL2	FALSE
SARS-CoV-2-B.1.1.529-N_IL-35	model_5_multimer_v3_pred_4	0.500387898	0.971836173	SARS-CoV-2-B.1.1.529-N	IL-35	FALSE
MERS-CoV-N_CCL13	model_3_multimer_v3_pred_2	0.500333721	0.74017736	MERS-CoV-N	CCL13	FALSE
